"name","brand","barcode","category","subcategory","calories","protein","carbs","fat","saturated_fat","fiber","sugar","sodium","serving_size_g","serving_description","ingredients","allergens","is_per_unit","is_verified"
"Apple (Small)","","","Fruits","Pome Fruits","77","0.4","21","0.2","0","3.6","15","1","150","1 small apple","Apple","","true","true"
"Apple (Medium)","","","Fruits","Pome Fruits","95","0.5","25","0.3","0","4.4","19","2","182","1 medium apple","Apple","","true","true"
"Apple (Large)","","","Fruits","Pome Fruits","116","0.6","31","0.4","0","5.4","23","2","223","1 large apple","Apple","","true","true"
"Banana (Small)","","","Fruits","Tropical Fruits","72","0.9","19","0.3","0.1","2.1","10","1","81","1 small banana (15cm)","Banana","","true","true"
"Banana (Medium)","","","Fruits","Tropical Fruits","105","1.3","27","0.4","0.1","3.1","14","1","118","1 medium banana (18cm)","Banana","","true","true"
"Banana (Large)","","","Fruits","Tropical Fruits","121","1.5","31","0.5","0.2","3.5","17","1","136","1 large banana (20cm)","Banana","","true","true"
"Orange (Small)","","","Fruits","Citrus Fruits","45","0.9","11","0.1","0","2.3","9","0","96","1 small orange","Orange","","true","true"
"Orange (Medium)","","","Fruits","Citrus Fruits","62","1.2","15","0.2","0","3.1","12","0","131","1 medium orange","Orange","","true","true"
"Orange (Large)","","","Fruits","Citrus Fruits","86","1.7","22","0.2","0","4.4","17","0","184","1 large orange","Orange","","true","true"
"Grapes (Small Handful)","","","Fruits","Berries","52","0.5","14","0.1","0","0.7","12","2","75","1 small handful (10-12 grapes)","Grapes","","true","true"
"Grapes (Cup)","","","Fruits","Berries","104","1.1","27","0.2","0.1","1.4","23","3","151","1 cup grapes","Grapes","","true","true"
"Strawberries (Small Portion)","","","Fruits","Berries","23","0.5","5.5","0.2","0","1.4","3.5","1","72","5 medium strawberries","Strawberries","","true","true"
"Strawberries (Cup)","","","Fruits","Berries","49","1","12","0.5","0","3","7","2","152","1 cup strawberries","Strawberries","","true","true"
"Blueberries (Small Handful)","","","Fruits","Berries","42","0.5","11","0.2","0","1.8","7","1","74","1 small handful","Blueberries","","true","true"
"Blueberries (Cup)","","","Fruits","Berries","84","1.1","21","0.5","0","3.6","15","1","148","1 cup blueberries","Blueberries","","true","true"
"Raspberries (Small Portion)","","","Fruits","Berries","32","0.7","7","0.4","0","4","2.7","1","62","1 small portion","Raspberries","","true","true"
"Raspberries (Cup)","","","Fruits","Berries","64","1.5","15","0.8","0","8","5","1","123","1 cup raspberries","Raspberries","","true","true"
"Blackberries (Cup)","","","Fruits","Berries","62","2","14","0.7","0","7.6","7","1","144","1 cup blackberries","Blackberries","","true","true"
"Pear (Small)","","","Fruits","Pome Fruits","86","0.5","23","0.2","0","4.6","15","1","148","1 small pear","Pear","","true","true"
"Pear (Medium)","","","Fruits","Pome Fruits","103","0.7","28","0.2","0","5.5","17","2","178","1 medium pear","Pear","","true","true"
"Pear (Large)","","","Fruits","Pome Fruits","133","0.8","36","0.3","0","7.1","22","2","230","1 large pear","Pear","","true","true"
"Peach (Small)","","","Fruits","Stone Fruits","51","1.2","12","0.3","0","2","11","0","130","1 small peach","Peach","","true","true"
"Peach (Medium)","","","Fruits","Stone Fruits","59","1.4","14","0.4","0","2.3","13","0","150","1 medium peach","Peach","","true","true"
"Peach (Large)","","","Fruits","Stone Fruits","68","1.6","17","0.4","0","2.6","15","0","175","1 large peach","Peach","","true","true"
"Nectarine (Small)","","","Fruits","Stone Fruits","57","1.4","14","0.4","0","2.2","10","0","130","1 small nectarine","Nectarine","","true","true"
"Nectarine (Medium)","","","Fruits","Stone Fruits","63","1.5","15","0.5","0","2.4","11","0","142","1 medium nectarine","Nectarine","","true","true"
"Plum (Small)","","","Fruits","Stone Fruits","30","0.5","8","0.2","0","0.9","7","0","66","1 small plum","Plum","","true","true"
"Plum (Medium)","","","Fruits","Stone Fruits","46","0.7","11","0.3","0","1.4","10","0","100","1 medium plum","Plum","","true","true"
"Cherries (Small Handful)","","","Fruits","Stone Fruits","44","0.7","11","0.2","0","1.4","9","0","70","10 cherries","Cherries","","true","true"
"Cherries (Cup)","","","Fruits","Stone Fruits","97","1.6","25","0.3","0.1","3.2","20","0","154","1 cup cherries","Cherries","","true","true"
"Mango (Half)","","","Fruits","Tropical Fruits","68","0.6","18","0.3","0.1","1.8","15","1","104","1/2 mango","Mango","","true","true"
"Mango (Whole)","","","Fruits","Tropical Fruits","135","1.1","35","0.6","0.1","3.7","31","2","207","1 whole mango","Mango","","true","true"
"Mango (Cubed Cup)","","","Fruits","Tropical Fruits","99","1.4","25","0.6","0.1","2.6","23","2","165","1 cup cubed mango","Mango","","true","true"
"Pineapple (Slice)","","","Fruits","Tropical Fruits","42","0.4","11","0.1","0","1.2","8","1","84","1 slice pineapple","Pineapple","","true","true"
"Pineapple (Cup Chunks)","","","Fruits","Tropical Fruits","82","0.9","22","0.2","0","2.3","16","2","165","1 cup pineapple chunks","Pineapple","","true","true"
"Papaya (Cup Cubed)","","","Fruits","Tropical Fruits","62","0.7","16","0.4","0.1","2.5","11","4","145","1 cup cubed papaya","Papaya","","true","true"
"Papaya (Half Small)","","","Fruits","Tropical Fruits","59","0.9","15","0.2","0","2.5","9","5","138","1/2 small papaya","Papaya","","true","true"
"Kiwi (Small)","","","Fruits","Tropical Fruits","42","0.8","10","0.4","0","2.1","6","2","69","1 small kiwi","Kiwi","","true","true"
"Kiwi (Medium)","","","Fruits","Tropical Fruits","56","1","13","0.5","0","2.7","8","3","92","1 medium kiwi","Kiwi","","true","true"
"Kiwi (Large)","","","Fruits","Tropical Fruits","70","1.3","17","0.6","0","3.4","10","4","115","1 large kiwi","Kiwi","","true","true"
"Watermelon (Slice)","","","Fruits","Melons","86","1.8","22","0.4","0","1.1","18","3","286","1 slice (2.5cm thick)","Watermelon","","true","true"
"Watermelon (Cup Cubed)","","","Fruits","Melons","46","0.9","12","0.2","0","0.6","9","2","152","1 cup cubed watermelon","Watermelon","","true","true"
"Cantaloupe (Cup Cubed)","","","Fruits","Melons","54","1.3","13","0.3","0.1","1.4","12","25","160","1 cup cubed cantaloupe","Cantaloupe","","true","true"
"Honeydew Melon (Cup Cubed)","","","Fruits","Melons","61","0.9","15","0.2","0.1","1.4","14","31","170","1 cup cubed honeydew","Honeydew Melon","","true","true"
"Grapefruit (Half)","","","Fruits","Citrus Fruits","52","0.9","13","0.2","0","2","8","0","123","1/2 grapefruit","Grapefruit","","true","true"
"Grapefruit (Whole)","","","Fruits","Citrus Fruits","104","1.9","26","0.3","0","4","16","0","246","1 whole grapefruit","Grapefruit","","true","true"
"Lemon (Whole)","","","Fruits","Citrus Fruits","17","0.6","5","0.2","0","1.6","1.5","1","58","1 lemon","Lemon","","true","true"
"Lemon Juice (Tablespoon)","","","Fruits","Citrus Fruits","4","0.1","1","0","0","0","0.4","0","15","1 tablespoon","Lemon Juice","","true","true"
"Lime (Whole)","","","Fruits","Citrus Fruits","20","0.5","7","0.1","0","1.9","1.1","1","67","1 lime","Lime","","true","true"
"Lime Juice (Tablespoon)","","","Fruits","Citrus Fruits","4","0.1","1","0","0","0","0.3","0","15","1 tablespoon","Lime Juice","","true","true"
"Satsuma","","","Fruits","Citrus Fruits","40","0.6","10","0.2","0","1.4","8","1","76","1 satsuma","Satsuma","","true","true"
"Clementine","","","Fruits","Citrus Fruits","35","0.6","9","0.1","0","1.3","7","1","74","1 clementine","Clementine","","true","true"
"Tangerine","","","Fruits","Citrus Fruits","47","0.7","12","0.3","0","1.6","9","2","88","1 tangerine","Tangerine","","true","true"
"Pomegranate Seeds (Half Cup)","","","Fruits","Exotic Fruits","72","1.5","16","1","0.1","3.5","12","3","87","1/2 cup seeds","Pomegranate Seeds","","true","true"
"Pomegranate (Whole)","","","Fruits","Exotic Fruits","234","4.7","53","3.3","0.3","11.3","39","8","282","1 whole pomegranate","Pomegranate","","true","true"
"Avocado (Quarter)","","","Fruits","Tropical Fruits","80","1","4","7","1","3.4","0.3","4","50","1/4 avocado","Avocado","","true","true"
"Avocado (Half)","","","Fruits","Tropical Fruits","161","2","9","15","2","6.7","0.7","7","100","1/2 avocado","Avocado","","true","true"
"Avocado (Whole)","","","Fruits","Tropical Fruits","322","4","17","29","4","13.5","1.3","14","201","1 whole avocado","Avocado","","true","true"
"Passion Fruit","","","Fruits","Exotic Fruits","17","0.4","4","0.1","0","1.9","2","5","18","1 passion fruit","Passion Fruit","","true","true"
"Dragon Fruit (Half)","","","Fruits","Exotic Fruits","60","1.2","13","0.4","0","3","8","0","100","1/2 dragon fruit","Dragon Fruit","","true","true"
"Lychees (5 pieces)","","","Fruits","Exotic Fruits","33","0.4","8","0.2","0","0.7","8","1","50","5 lychees","Lychees","","true","true"
"Fig (Fresh)","","","Fruits","Exotic Fruits","37","0.4","10","0.2","0","1.4","8","1","50","1 medium fig","Fig","","true","true"
"Figs (Dried, 2 pieces)","","","Fruits","Dried Fruits","47","0.6","12","0.2","0","1.9","9","2","17","2 dried figs","Figs","","true","true"
"Date (Medjool)","","","Fruits","Dried Fruits","66","0.4","18","0","0","1.6","16","0","24","1 medjool date","Date","","true","true"
"Dates (Deglet Noor, 3 pieces)","","","Fruits","Dried Fruits","60","0.5","16","0","0","1.8","13","0","21","3 deglet noor dates","Dates","","true","true"
"Raisins (Small Box)","","","Fruits","Dried Fruits","129","1.4","34","0.2","0","1.6","26","5","43","1 small box (43g)","Raisins","","true","true"
"Sultanas (Tablespoon)","","","Fruits","Dried Fruits","42","0.5","11","0.1","0","0.5","9","2","14","1 tablespoon","Sultanas","","true","true"
"Dried Apricots (3 pieces)","","","Fruits","Dried Fruits","50","0.7","13","0.1","0","1.5","11","3","21","3 dried apricots","Dried Apricots","","true","true"
"Dried Cranberries (Quarter Cup)","","","Fruits","Dried Fruits","93","0","25","0.4","0","2","21","1","30","1/4 cup dried cranberries","Dried Cranberries","","true","true"
"Prunes (3 pieces)","","","Fruits","Dried Fruits","69","0.6","18","0.1","0","2","11","1","28","3 prunes","Prunes","","true","true"
"Apricot (Fresh)","","","Fruits","Stone Fruits","17","0.5","4","0.1","0","0.7","3","0","35","1 apricot","Apricot","","true","true"
"Potato (Baked, Medium)","","","Vegetables","Root Vegetables","161","4.3","37","0.2","0","3.8","2","17","173","1 medium baked potato","Potato","","true","true"
"Potato (Baked, Large)","","","Vegetables","Root Vegetables","278","7.5","63","0.4","0.1","6.6","3","29","299","1 large baked potato","Potato","","true","true"
"Potato (Boiled, Medium)","","","Vegetables","Root Vegetables","134","2.9","31","0.1","0","2.4","1","7","167","1 medium boiled potato","Potato","","true","true"
"Potato (Mashed, Cup)","","","Vegetables","Root Vegetables","174","3.4","37","1.2","0.7","3.2","3","620","210","1 cup mashed potato","Potato","","true","true"
"Potato (Roast, 3 pieces)","","","Vegetables","Root Vegetables","185","3","30","6","0.8","2.5","1","300","150","3 roast potatoes","Potato","","true","true"
"New Potatoes (Boiled, 5 small)","","","Vegetables","Root Vegetables","109","2.3","25","0.1","0","2.4","1","5","140","5 small new potatoes","New Potatoes","","true","true"
"Sweet Potato (Baked, Medium)","","","Vegetables","Root Vegetables","103","2.3","24","0.1","0","3.8","7","41","114","1 medium sweet potato","Sweet Potato","","true","true"
"Sweet Potato (Mashed, Cup)","","","Vegetables","Root Vegetables","249","4.5","58","0.5","0.1","8.2","18","191","328","1 cup mashed sweet potato","Sweet Potato","","true","true"
"Carrot (Raw, Medium)","","","Vegetables","Root Vegetables","25","0.6","6","0.1","0","1.7","3","42","61","1 medium carrot","Carrot","","true","true"
"Carrots (Raw, Baby, 8 pieces)","","","Vegetables","Root Vegetables","28","0.5","7","0.1","0","2.3","4","58","80","8 baby carrots","Carrots","","true","true"
"Carrots (Boiled, Cup)","","","Vegetables","Root Vegetables","54","1.2","13","0.3","0","4.7","6","88","156","1 cup sliced boiled carrots","Carrots","","true","true"
"Carrots (Roasted, Cup)","","","Vegetables","Root Vegetables","82","1.5","14","3","0.3","4","8","100","150","1 cup roasted carrots","Carrots","","true","true"
"Broccoli (Raw, Cup)","","","Vegetables","Cruciferous","31","2.6","6","0.3","0","2.4","1.5","30","91","1 cup raw broccoli florets","Broccoli","","true","true"
"Broccoli (Steamed, Cup)","","","Vegetables","Cruciferous","55","3.7","11","0.6","0.1","5.1","2","64","156","1 cup steamed broccoli","Broccoli","","true","true"
"Broccoli (Roasted, Cup)","","","Vegetables","Cruciferous","85","4","10","4","0.5","5","2","80","150","1 cup roasted broccoli","Broccoli","","true","true"
"Cauliflower (Raw, Cup)","","","Vegetables","Cruciferous","27","2.1","5","0.3","0.1","2.1","2","32","107","1 cup raw cauliflower","Cauliflower","","true","true"
"Cauliflower (Steamed, Cup)","","","Vegetables","Cruciferous","29","2.3","5","0.5","0.1","2.9","2","19","124","1 cup steamed cauliflower","Cauliflower","","true","true"
"Cauliflower (Roasted, Cup)","","","Vegetables","Cruciferous","72","2.5","6","5","0.6","3","2","100","130","1 cup roasted cauliflower","Cauliflower","","true","true"
"Brussels Sprouts (Raw, Cup)","","","Vegetables","Cruciferous","38","3","8","0.3","0.1","3.3","2","22","88","1 cup raw brussels sprouts","Brussels Sprouts","","true","true"
"Brussels Sprouts (Boiled, Cup)","","","Vegetables","Cruciferous","56","4","11","0.8","0.2","4.1","3","33","156","1 cup boiled brussels sprouts","Brussels Sprouts","","true","true"
"Brussels Sprouts (Roasted, Cup)","","","Vegetables","Cruciferous","95","4","12","5","0.7","4","3","120","150","1 cup roasted brussels sprouts","Brussels Sprouts","","true","true"
"Cabbage (Raw, Shredded Cup)","","","Vegetables","Cruciferous","22","1.1","5","0.1","0","2.2","3","16","89","1 cup shredded raw cabbage","Cabbage","","true","true"
"Cabbage (Boiled, Cup)","","","Vegetables","Cruciferous","35","1.9","8","0.1","0","2.8","4","12","150","1 cup boiled cabbage","Cabbage","","true","true"
"Red Cabbage (Raw, Shredded Cup)","","","Vegetables","Cruciferous","28","1.3","7","0.1","0","1.9","4","24","89","1 cup shredded red cabbage","Red Cabbage","","true","true"
"Kale (Raw, Cup Chopped)","","","Vegetables","Cruciferous","33","2.9","6","0.6","0.1","2.6","1.6","25","67","1 cup chopped raw kale","Kale","","true","true"
"Kale (Steamed, Cup)","","","Vegetables","Cruciferous","36","2.5","7","0.5","0.1","2.6","2","30","130","1 cup steamed kale","Kale","","true","true"
"Spinach (Raw, Cup)","","","Vegetables","Leafy Greens","7","0.9","1","0.1","0","0.7","0.1","24","30","1 cup raw spinach","Spinach","","true","true"
"Spinach (Cooked, Cup)","","","Vegetables","Leafy Greens","41","5.3","7","0.5","0.1","4.3","0.8","126","180","1 cup cooked spinach","Spinach","","true","true"
"Baby Spinach (Large Handful)","","","Vegetables","Leafy Greens","12","1.4","2","0.2","0","1.1","0.2","39","50","1 large handful baby spinach","Baby Spinach","","true","true"
"Iceberg Lettuce (Cup Shredded)","","","Vegetables","Leafy Greens","10","0.6","2","0.1","0","0.9","1.4","7","72","1 cup shredded iceberg","Iceberg Lettuce","","true","true"
"Romaine Lettuce (Cup Shredded)","","","Vegetables","Leafy Greens","8","0.6","2","0.1","0","1","0.6","4","47","1 cup shredded romaine","Romaine Lettuce","","true","true"
"Mixed Salad Leaves (Large Handful)","","","Vegetables","Leafy Greens","10","0.8","2","0.1","0","1","0.5","15","50","1 large handful mixed leaves","Mixed Salad Leaves","","true","true"
"Rocket (Arugula, Cup)","","","Vegetables","Leafy Greens","5","0.5","0.7","0.1","0","0.3","0.4","5","20","1 cup rocket leaves","Rocket","","true","true"
"Tomato (Raw, Small)","","","Vegetables","Fruiting Vegetables","16","0.8","3.5","0.2","0","1.1","2.4","5","91","1 small tomato","Tomato","","true","true"
"Tomato (Raw, Medium)","","","Vegetables","Fruiting Vegetables","22","1.1","4.8","0.2","0","1.5","3.2","6","123","1 medium tomato","Tomato","","true","true"
"Tomato (Raw, Large)","","","Vegetables","Fruiting Vegetables","33","1.6","7","0.4","0.1","2.2","4.7","9","182","1 large tomato","Tomato","","true","true"
"Cherry Tomatoes (Cup)","","","Vegetables","Fruiting Vegetables","27","1.3","6","0.3","0","1.8","4","8","149","1 cup cherry tomatoes","Cherry Tomatoes","","true","true"
"Plum Tomatoes (2 medium)","","","Vegetables","Fruiting Vegetables","22","1.1","5","0.2","0","1.5","3","6","124","2 medium plum tomatoes","Plum Tomatoes","","true","true"
"Tomato (Tinned, Half Cup)","","","Vegetables","Fruiting Vegetables","16","0.8","4","0.1","0","1","2.5","130","121","1/2 cup tinned tomatoes","Tomato","","true","true"
"Sun-Dried Tomatoes (5 pieces)","","","Vegetables","Fruiting Vegetables","35","1.9","7","0.4","0.1","1.6","5","266","15","5 sun-dried tomato pieces","Sun-Dried Tomatoes","","true","true"
"Cucumber (Quarter)","","","Vegetables","Fruiting Vegetables","11","0.5","2.6","0.1","0","0.4","1.2","1","75","1/4 cucumber","Cucumber","","true","true"
"Cucumber (Half)","","","Vegetables","Fruiting Vegetables","23","1","5","0.2","0","0.8","2.4","3","150","1/2 cucumber","Cucumber","","true","true"
"Cucumber (Sliced, Cup)","","","Vegetables","Fruiting Vegetables","16","0.7","4","0.1","0","0.5","1.7","2","104","1 cup sliced cucumber","Cucumber","","true","true"
"Red Pepper (Raw, Medium)","","","Vegetables","Fruiting Vegetables","37","1.2","7","0.4","0.1","2.5","5","5","119","1 medium red pepper","Red Pepper","","true","true"
"Green Pepper (Raw, Medium)","","","Vegetables","Fruiting Vegetables","24","1","6","0.2","0.1","2","3","4","119","1 medium green pepper","Green Pepper","","true","true"
"Yellow Pepper (Raw, Medium)","","","Vegetables","Fruiting Vegetables","32","1.2","7","0.3","0.1","1","0","3","119","1 medium yellow pepper","Yellow Pepper","","true","true"
"Mixed Peppers (Sliced, Cup)","","","Vegetables","Fruiting Vegetables","29","1","6","0.3","0","2","4","4","100","1 cup sliced mixed peppers","Mixed Peppers","","true","true"
"Roasted Red Peppers (Half Cup)","","","Vegetables","Fruiting Vegetables","30","1","6","0.5","0.1","2","4","150","85","1/2 cup roasted red peppers","Roasted Red Peppers","","true","true"
"Courgette (Raw, Medium)","","","Vegetables","Squash","31","2.4","6","0.6","0.1","2","5","16","196","1 medium courgette","Courgette","","true","true"
"Courgette (Sliced, Sauteed Cup)","","","Vegetables","Squash","55","2","5","4","0.6","2","4","260","135","1 cup sauteed courgette","Courgette","","true","true"
"Aubergine (Raw, Cup Cubed)","","","Vegetables","Fruiting Vegetables","20","0.8","5","0.2","0","2.5","3","2","82","1 cup cubed raw aubergine","Aubergine","","true","true"
"Aubergine (Grilled, Cup)","","","Vegetables","Fruiting Vegetables","75","1","8","5","0.6","3","4","240","130","1 cup grilled aubergine","Aubergine","","true","true"
"Onion (Raw, Small)","","","Vegetables","Alliums","28","0.8","7","0.1","0","1.2","3","3","70","1 small onion","Onion","","true","true"
"Onion (Raw, Medium)","","","Vegetables","Alliums","44","1.2","10","0.1","0","1.9","5","4","110","1 medium onion","Onion","","true","true"
"Onion (Sauteed, Half Cup)","","","Vegetables","Alliums","115","1.5","11","8","1","1.5","5","12","105","1/2 cup sauteed onions","Onion","","true","true"
"Red Onion (Raw, Medium)","","","Vegetables","Alliums","44","1.2","10","0.1","0","1.9","5","4","110","1 medium red onion","Red Onion","","true","true"
"Spring Onions (3 medium)","","","Vegetables","Alliums","10","0.5","2","0.1","0","0.8","0.7","5","30","3 medium spring onions","Spring Onions","","true","true"
"Shallots (2 small)","","","Vegetables","Alliums","29","1","7","0","0","1.3","3","5","40","2 small shallots","Shallots","","true","true"
"Garlic (1 Clove)","","","Vegetables","Alliums","4","0.2","1","0","0","0.1","0","1","3","1 clove garlic","Garlic","","true","true"
"Garlic (3 Cloves)","","","Vegetables","Alliums","13","0.6","3","0","0","0.2","0.1","2","9","3 cloves garlic","Garlic","","true","true"
"Leek (Raw, Medium)","","","Vegetables","Alliums","54","1.3","13","0.3","0","1.6","3.5","18","89","1 medium leek","Leek","","true","true"
"Leeks (Cooked, Cup)","","","Vegetables","Alliums","32","0.8","8","0.2","0","1","2","10","104","1 cup cooked leeks","Leeks","","true","true"
"Garden Peas (Boiled, Half Cup)","","","Vegetables","Legumes","62","4.1","11","0.2","0","4.4","4","58","80","1/2 cup boiled peas","Garden Peas","","true","true"
"Garden Peas (Frozen, Boiled Cup)","","","Vegetables","Legumes","125","8.2","23","0.4","0.1","8.8","8","115","160","1 cup boiled frozen peas","Garden Peas","","true","true"
"Mangetout/Snow Peas (Cup)","","","Vegetables","Legumes","26","1.8","5","0.1","0","1.6","2.5","3","63","1 cup mangetout","Mangetout/Snow Peas","","true","true"
"Sugar Snap Peas (Cup)","","","Vegetables","Legumes","41","2.7","7","0.2","0","2.5","4","4","98","1 cup sugar snap peas","Sugar Snap Peas","","true","true"
"Green Beans (Raw, Cup)","","","Vegetables","Legumes","31","1.8","7","0.1","0","2.7","1.5","6","100","1 cup raw green beans","Green Beans","","true","true"
"Green Beans (Boiled, Cup)","","","Vegetables","Legumes","44","2.4","10","0.4","0.1","4","2","12","125","1 cup boiled green beans","Green Beans","","true","true"
"Runner Beans (Boiled, Cup)","","","Vegetables","Legumes","25","1.6","5","0.2","0","2.5","1","8","100","1 cup boiled runner beans","Runner Beans","","true","true"
"Sweetcorn (Boiled, Half Cup)","","","Vegetables","Grains","66","2.4","15","1","0.2","1.8","2.5","14","82","1/2 cup boiled sweetcorn","Sweetcorn","","true","true"
"Corn on the Cob (Medium)","","","Vegetables","Grains","99","3.5","22","1.5","0.2","2.8","4","20","118","1 medium corn on cob","Corn on the Cob","","true","true"
"Sweetcorn (Tinned, Drained Half Cup)","","","Vegetables","Grains","67","2.2","15","0.8","0.1","1.8","4","260","82","1/2 cup tinned sweetcorn","Sweetcorn","","true","true"
"Mushrooms (Raw, Cup Sliced)","","","Vegetables","Fungi","15","2.2","2","0.2","0","0.7","1.4","4","70","1 cup sliced raw mushrooms","Mushrooms","","true","true"
"Mushrooms (Sauteed, Cup)","","","Vegetables","Fungi","80","3","4","6","1","1.5","2","220","108","1 cup sauteed mushrooms","Mushrooms","","true","true"
"Portobello Mushroom (Grilled)","","","Vegetables","Fungi","42","4","4","1.2","0.2","2","2","10","121","1 grilled portobello cap","Portobello Mushroom","","true","true"
"Chestnut Mushrooms (Cup)","","","Vegetables","Fungi","16","2.5","2","0.2","0","0.8","1","4","72","1 cup chestnut mushrooms","Chestnut Mushrooms","","true","true"
"Shiitake Mushrooms (Cooked, Cup)","","","Vegetables","Fungi","81","2.3","21","0.3","0.1","3","4","6","145","1 cup cooked shiitake","Shiitake Mushrooms","","true","true"
"Asparagus (Raw, 6 Spears)","","","Vegetables","Stem Vegetables","20","2.2","4","0.1","0","2.1","2","2","100","6 medium asparagus spears","Asparagus","","true","true"
"Asparagus (Steamed, 6 Spears)","","","Vegetables","Stem Vegetables","22","2.4","4","0.2","0.1","2","1","14","100","6 steamed asparagus spears","Asparagus","","true","true"
"Asparagus (Grilled, 6 Spears)","","","Vegetables","Stem Vegetables","45","2.5","4","3","0.4","2","1.5","100","100","6 grilled asparagus spears","Asparagus","","true","true"
"Celery (Raw, 2 Stalks)","","","Vegetables","Stem Vegetables","12","0.6","2","0.1","0","1.2","1","64","80","2 medium celery stalks","Celery","","true","true"
"Celery (Chopped, Cup)","","","Vegetables","Stem Vegetables","16","0.7","3","0.2","0","1.6","1.3","81","101","1 cup chopped celery","Celery","","true","true"
"Beetroot (Raw, Medium)","","","Vegetables","Root Vegetables","35","1.3","8","0.1","0","2.3","6","64","82","1 medium beetroot","Beetroot","","true","true"
"Beetroot (Boiled, Cup Sliced)","","","Vegetables","Root Vegetables","75","2.9","17","0.3","0","3.4","12","130","170","1 cup sliced boiled beetroot","Beetroot","","true","true"
"Beetroot (Pickled, 3 Slices)","","","Vegetables","Root Vegetables","22","0.6","5","0","0","0.8","4","100","50","3 pickled beetroot slices","Beetroot","","true","true"
"Parsnip (Boiled, Cup)","","","Vegetables","Root Vegetables","111","2","27","0.5","0.1","5.6","8","16","156","1 cup boiled parsnip","Parsnip","","true","true"
"Parsnip (Roasted, Cup)","","","Vegetables","Root Vegetables","152","2","28","4","0.5","5.5","8","200","150","1 cup roasted parsnips","Parsnip","","true","true"
"Turnip (Boiled, Cup)","","","Vegetables","Root Vegetables","34","1.1","8","0.1","0","3.1","5","25","156","1 cup boiled turnip","Turnip","","true","true"
"Swede (Boiled, Cup)","","","Vegetables","Root Vegetables","66","2.2","15","0.4","0","4.2","11","34","170","1 cup boiled swede","Swede","","true","true"
"Swede (Mashed, Cup)","","","Vegetables","Root Vegetables","91","2","15","3","1.8","4","10","200","200","1 cup mashed swede","Swede","","true","true"
"Butternut Squash (Roasted, Cup)","","","Vegetables","Squash","82","1.8","22","0.2","0","6.6","4","8","205","1 cup roasted butternut squash","Butternut Squash","","true","true"
"Butternut Squash (Mashed, Cup)","","","Vegetables","Squash","63","1.4","16","0.1","0","3","3","6","205","1 cup mashed butternut squash","Butternut Squash","","true","true"
"Acorn Squash (Baked, Cup)","","","Vegetables","Squash","115","2.3","30","0.3","0.1","9","0","8","245","1 cup baked acorn squash","Acorn Squash","","true","true"
"Spaghetti Squash (Cooked, Cup)","","","Vegetables","Squash","42","1","10","0.4","0.1","2.2","4","28","155","1 cup cooked spaghetti squash","Spaghetti Squash","","true","true"
"Radishes (5 medium)","","","Vegetables","Root Vegetables","8","0.3","2","0","0","0.8","1","20","45","5 medium radishes","Radishes","","true","true"
"Radishes (Cup Sliced)","","","Vegetables","Root Vegetables","19","0.8","4","0.1","0","1.9","2","45","116","1 cup sliced radishes","Radishes","","true","true"
"Artichoke (Medium, Cooked)","","","Vegetables","Thistle","64","3.5","14","0.4","0.1","10.3","1","72","120","1 medium cooked artichoke","Artichoke","","true","true"
"Artichoke Hearts (Tinned, Half Cup)","","","Vegetables","Thistle","42","2.9","9","0.1","0","4.8","0.8","386","84","1/2 cup tinned artichoke hearts","Artichoke Hearts","","true","true"
"Fennel Bulb (Raw, Cup Sliced)","","","Vegetables","Stem Vegetables","27","1.1","6","0.2","0","2.7","3.4","45","87","1 cup sliced fennel","Fennel Bulb","","true","true"
"Pak Choi/Bok Choy (Raw, Cup)","","","Vegetables","Cruciferous","9","1","1.5","0.1","0","0.7","0.8","46","70","1 cup shredded pak choi","Pak Choi/Bok Choy","","true","true"
"Pak Choi/Bok Choy (Cooked, Cup)","","","Vegetables","Cruciferous","20","2.6","3","0.3","0","1.7","1.8","58","170","1 cup cooked pak choi","Pak Choi/Bok Choy","","true","true"
"Watercress (Cup)","","","Vegetables","Leafy Greens","4","0.8","0.4","0","0","0.2","0.1","14","34","1 cup watercress","Watercress","","true","true"
"Egg (Raw)","","","Eggs","Whole Eggs","72","6.3","0.4","5","1.6","0","0.4","71","50","1 large egg","Egg","Eggs","true","true"
"Egg (Boiled, Soft)","","","Eggs","Whole Eggs","77","6.3","0.6","5.3","1.6","0","0.6","62","50","1 soft boiled egg","Egg","Eggs","true","true"
"Egg (Boiled, Hard)","","","Eggs","Whole Eggs","78","6.3","0.6","5.3","1.6","0","0.6","62","50","1 hard boiled egg","Egg","Eggs","true","true"
"Eggs (Boiled, 2)","","","Eggs","Whole Eggs","156","12.6","1.2","10.6","3.2","0","1.2","124","100","2 boiled eggs","Eggs","Eggs","true","true"
"Egg (Poached)","","","Eggs","Whole Eggs","71","6.3","0.4","5","1.5","0","0.4","147","46","1 poached egg","Egg","Eggs","true","true"
"Eggs (Poached, 2)","","","Eggs","Whole Eggs","142","12.6","0.8","10","3","0","0.8","294","92","2 poached eggs","Eggs","Eggs","true","true"
"Egg (Fried)","","","Eggs","Whole Eggs","90","6.3","0.4","7","2","0","0.4","95","46","1 fried egg","Egg","Eggs","true","true"
"Eggs (Fried, 2)","","","Eggs","Whole Eggs","180","12.6","0.8","14","4","0","0.8","190","92","2 fried eggs","Eggs","Eggs","true","true"
"Eggs (Scrambled, 2 eggs)","","","Eggs","Whole Eggs","182","12.2","2.2","13.8","4.5","0","1.8","342","122","2 scrambled eggs with milk","Eggs","Eggs, Milk","true","true"
"Eggs (Scrambled, 3 eggs)","","","Eggs","Whole Eggs","273","18.3","3.3","20.7","6.8","0","2.7","513","183","3 scrambled eggs with milk","Eggs","Eggs, Milk","true","true"
"Omelette (2 egg, Plain)","","","Eggs","Whole Eggs","176","12.5","0.6","13.6","3.8","0","0.6","160","120","Plain 2-egg omelette","Omelette","Eggs","true","true"
"Omelette (3 egg, Plain)","","","Eggs","Whole Eggs","264","18.8","0.9","20.4","5.7","0","0.9","240","180","Plain 3-egg omelette","Omelette","Eggs","true","true"
"Omelette (Cheese, 2 egg)","","","Eggs","Whole Eggs","252","16","1.2","20","8","0","0.8","380","150","2-egg cheese omelette","Omelette","Eggs, Milk","true","true"
"Omelette (Cheese, 3 egg)","","","Eggs","Whole Eggs","378","24","1.8","30","12","0","1.2","570","225","3-egg cheese omelette","Omelette","Eggs, Milk","true","true"
"Egg White (1 large)","","","Eggs","Egg Parts","17","3.6","0.2","0.1","0","0","0.2","55","33","1 large egg white","Egg White","Eggs","true","true"
"Egg Whites (2 large)","","","Eggs","Egg Parts","34","7.2","0.4","0.2","0","0","0.4","110","66","2 large egg whites","Egg Whites","Eggs","true","true"
"Egg Yolk (1 large)","","","Eggs","Egg Parts","55","2.7","0.6","4.5","1.6","0","0.1","8","17","1 large egg yolk","Egg Yolk","Eggs","true","true"
"Egg (Medium)","","","Eggs","Whole Eggs","63","5.5","0.3","4.4","1.4","0","0.3","62","44","1 medium egg","Egg","Eggs","true","true"
"Egg (Small)","","","Eggs","Whole Eggs","54","4.7","0.3","3.8","1.2","0","0.3","53","38","1 small egg","Egg","Eggs","true","true"
"Duck Egg (Whole)","","","Eggs","Other Eggs","130","9","1","10","2.6","0","0.9","102","70","1 duck egg","Duck Egg","Eggs","true","true"
"Quail Eggs (5)","","","Eggs","Other Eggs","71","5.9","0.2","5","1.6","0","0.2","69","45","5 quail eggs","Quail Eggs","Eggs","true","true"
"Whole Milk (Glass)","","","Dairy","Milk","149","7.7","12","8","4.6","0","12","105","244","1 glass (244ml)","Whole Milk","Milk","true","true"
"Whole Milk (Half Pint)","","","Dairy","Milk","183","9.5","15","10","5.7","0","15","129","300","1/2 pint (300ml)","Whole Milk","Milk","true","true"
"Semi-Skimmed Milk (Glass)","","","Dairy","Milk","122","8.1","12","4.8","3.1","0","12","122","244","1 glass (244ml)","Semi-Skimmed Milk","Milk","true","true"
"Semi-Skimmed Milk (Half Pint)","","","Dairy","Milk","150","10","15","5.9","3.8","0","15","150","300","1/2 pint (300ml)","Semi-Skimmed Milk","Milk","true","true"
"Skimmed Milk (Glass)","","","Dairy","Milk","83","8.3","12","0.2","0.1","0","12","128","244","1 glass (244ml)","Skimmed Milk","Milk","true","true"
"Skimmed Milk (Half Pint)","","","Dairy","Milk","102","10.2","15","0.2","0.1","0","15","157","300","1/2 pint (300ml)","Skimmed Milk","Milk","true","true"
"Oat Milk (Glass)","","","Dairy","Plant Milk","120","3","16","5","0.5","1.9","7","101","244","1 glass (244ml)","Oat Milk","Oats","true","true"
"Almond Milk (Unsweetened, Glass)","","","Dairy","Plant Milk","37","1","1.4","3","0.2","0.5","0","173","244","1 glass (244ml)","Almond Milk","Tree Nuts","true","true"
"Soya Milk (Unsweetened, Glass)","","","Dairy","Plant Milk","80","7","4","4","0.5","1","1","90","244","1 glass (244ml)","Soya Milk","Soya","true","true"
"Coconut Milk (Tinned, Half Cup)","","","Dairy","Plant Milk","223","2.3","3","24","21","0","2","15","120","1/2 cup tinned coconut milk","Coconut Milk","","true","true"
"Coconut Milk (Carton, Glass)","","","Dairy","Plant Milk","46","0","1","4.5","4","0","0","46","244","1 glass (244ml)","Coconut Milk","","true","true"
"Greek Yogurt (Full Fat, 150g)","","","Dairy","Yogurt","145","8.6","6","10","6.6","0","6","53","150","150g pot","Greek Yogurt","Milk","true","true"
"Greek Yogurt (0% Fat, 150g)","","","Dairy","Yogurt","89","17.3","6","0.7","0.5","0","6","56","150","150g pot","Greek Yogurt","Milk","true","true"
"Natural Yogurt (Whole, 125g)","","","Dairy","Yogurt","77","4.3","5.6","4.2","2.6","0","5.6","56","125","125g pot","Natural Yogurt","Milk","true","true"
"Natural Yogurt (Low Fat, 125g)","","","Dairy","Yogurt","54","5.3","7","0.8","0.5","0","7","76","125","125g pot","Natural Yogurt","Milk","true","true"
"Fruit Yogurt (Low Fat, 125g)","","","Dairy","Yogurt","103","4.4","19","1.4","0.9","0.2","17","66","125","125g pot","Fruit Yogurt","Milk","true","true"
"Skyr (Plain, 150g)","","","Dairy","Yogurt","92","16.5","6","0.3","0.2","0","6","53","150","150g pot","Skyr","Milk","true","true"
"Cheddar Cheese (Slice)","","","Dairy","Cheese","113","7","0.4","9.4","6","0","0.1","174","28","1 slice (28g)","Cheddar Cheese","Milk","true","true"
"Cheddar Cheese (30g Portion)","","","Dairy","Cheese","121","7.5","0.4","10","6.4","0","0.1","186","30","30g matchbox size","Cheddar Cheese","Milk","true","true"
"Cheddar Cheese (Grated, Cup)","","","Dairy","Cheese","455","28","1.5","37","24","0","0.5","696","113","1 cup grated cheddar","Cheddar Cheese","Milk","true","true"
"Reduced Fat Cheddar (30g)","","","Dairy","Cheese","82","10","0.5","4.5","2.8","0","0.5","240","30","30g portion","Reduced Fat Cheddar","Milk","true","true"
"Mozzarella (Fresh, 30g)","","","Dairy","Cheese","75","6","0.5","5.6","3.5","0","0.3","138","30","30g fresh mozzarella","Mozzarella","Milk","true","true"
"Mozzarella (Half Ball)","","","Dairy","Cheese","156","12.5","1","11.7","7.3","0","0.6","288","62","1/2 mozzarella ball (62g)","Mozzarella","Milk","true","true"
"Parmesan (Grated, Tablespoon)","","","Dairy","Cheese","22","2","0.2","1.5","0.9","0","0.1","85","5","1 tablespoon grated","Parmesan","Milk","true","true"
"Parmesan (Chunk, 30g)","","","Dairy","Cheese","117","10","1","8","5.1","0","0.3","454","30","30g chunk","Parmesan","Milk","true","true"
"Feta Cheese (30g)","","","Dairy","Cheese","75","4","1.2","6","4.2","0","1.2","316","30","30g crumbled feta","Feta Cheese","Milk","true","true"
"Cream Cheese (Tablespoon)","","","Dairy","Cheese","51","0.9","0.4","5.1","2.9","0","0.4","45","15","1 tablespoon","Cream Cheese","Milk","true","true"
"Cream Cheese (30g)","","","Dairy","Cheese","102","1.8","0.8","10.2","5.8","0","0.8","90","30","30g portion","Cream Cheese","Milk","true","true"
"Cream Cheese (Light, 30g)","","","Dairy","Cheese","53","2.6","1.5","4","2.5","0","1.2","135","30","30g light cream cheese","Cream Cheese","Milk","true","true"
"Brie (30g)","","","Dairy","Cheese","100","6.2","0.1","8.3","5.2","0","0.1","178","30","30g wedge","Brie","Milk","true","true"
"Camembert (30g)","","","Dairy","Cheese","90","6","0.1","7.3","4.6","0","0.1","239","30","30g wedge","Camembert","Milk","true","true"
"Stilton (30g)","","","Dairy","Cheese","123","7","0.1","10.5","6.9","0","0.1","320","30","30g portion","Stilton","Milk","true","true"
"Goats Cheese (30g)","","","Dairy","Cheese","91","6.2","0.1","7.2","5","0","0.1","104","30","30g portion","Goats Cheese","Milk","true","true"
"Halloumi (Slice, Grilled)","","","Dairy","Cheese","110","7","0.5","9","5.7","0","0.5","350","40","1 grilled slice (40g)","Halloumi","Milk","true","true"
"Halloumi (2 Slices, Grilled)","","","Dairy","Cheese","220","14","1","18","11.4","0","1","700","80","2 grilled slices (80g)","Halloumi","Milk","true","true"
"Cottage Cheese (Half Cup)","","","Dairy","Cheese","81","12","3.4","2.3","1.5","0","2.7","348","113","1/2 cup cottage cheese","Cottage Cheese","Milk","true","true"
"Ricotta Cheese (Half Cup)","","","Dairy","Cheese","171","10","6","12","7.5","0","0.5","104","124","1/2 cup ricotta","Ricotta Cheese","Milk","true","true"
"Mascarpone (Tablespoon)","","","Dairy","Cheese","62","0.7","0.4","6.5","3.7","0","0.4","8","15","1 tablespoon","Mascarpone","Milk","true","true"
"Double Cream (Tablespoon)","","","Dairy","Cream","62","0.3","0.4","6.8","4.2","0","0.4","5","15","1 tablespoon","Double Cream","Milk","true","true"
"Single Cream (Tablespoon)","","","Dairy","Cream","29","0.4","0.6","2.9","1.8","0","0.6","6","15","1 tablespoon","Single Cream","Milk","true","true"
"Whipping Cream (Tablespoon)","","","Dairy","Cream","52","0.3","0.4","5.5","3.4","0","0.4","5","15","1 tablespoon","Whipping Cream","Milk","true","true"
"Clotted Cream (Tablespoon)","","","Dairy","Cream","88","0.2","0.3","9.6","6","0","0.3","4","15","1 tablespoon","Clotted Cream","Milk","true","true"
"Soured Cream (Tablespoon)","","","Dairy","Cream","31","0.4","0.6","3","1.9","0","0.6","7","15","1 tablespoon","Soured Cream","Milk","true","true"
"Creme Fraiche (Tablespoon)","","","Dairy","Cream","56","0.4","0.5","6","3.7","0","0.5","6","15","1 tablespoon","Creme Fraiche","Milk","true","true"
"Butter (Pat/Serving)","","","Dairy","Butter","36","0","0","4","2.5","0","0","29","5","1 pat (5g)","Butter","Milk","true","true"
"Butter (Tablespoon)","","","Dairy","Butter","102","0.1","0","11.5","7.3","0","0","82","14","1 tablespoon (14g)","Butter","Milk","true","true"
"Butter (10g)","","","Dairy","Butter","72","0.1","0","8.2","5.2","0","0","58","10","10g portion","Butter","Milk","true","true"
"Butter (Unsalted, Tablespoon)","","","Dairy","Butter","102","0.1","0","11.5","7.3","0","0","2","14","1 tablespoon (14g)","Butter","Milk","true","true"
"Chicken Breast (Grilled, No Skin)","","","Meat","Chicken","165","31","0","3.6","1","0","0","74","100","100g grilled breast","Chicken Breast","","true","true"
"Chicken Breast (Grilled, Medium)","","","Meat","Chicken","231","43","0","5","1.4","0","0","104","140","1 medium breast (140g)","Chicken Breast","","true","true"
"Chicken Breast (Grilled, Large)","","","Meat","Chicken","280","53","0","6.1","1.7","0","0","126","170","1 large breast (170g)","Chicken Breast","","true","true"
"Chicken Breast (Roasted, With Skin)","","","Meat","Chicken","197","30","0","7.8","2.2","0","0","71","100","100g roast breast with skin","Chicken Breast","","true","true"
"Chicken Thigh (Grilled, Boneless)","","","Meat","Chicken","209","26","0","10.9","3","0","0","84","100","100g grilled thigh","Chicken Thigh","","true","true"
"Chicken Thigh (Roasted, With Skin)","","","Meat","Chicken","229","24","0","14.3","4","0","0","86","100","100g roast thigh with skin","Chicken Thigh","","true","true"
"Chicken Drumstick (Roasted)","","","Meat","Chicken","172","28","0","5.7","1.5","0","0","84","95","1 drumstick (95g)","Chicken Drumstick","","true","true"
"Chicken Wing (Roasted)","","","Meat","Chicken","99","9.1","0","6.6","1.9","0","0","82","34","1 wing (34g)","Chicken Wing","","true","true"
"Chicken Wings (4 pieces)","","","Meat","Chicken","396","36","0","26.4","7.6","0","0","328","136","4 wings","Chicken Wings","","true","true"
"Chicken Mince (Cooked)","","","Meat","Chicken","237","27","0","13.5","3.8","0","0","90","100","100g cooked","Chicken Mince","","true","true"
"Roast Chicken Slice (Deli)","","","Meat","Chicken","26","5.2","0.2","0.5","0.1","0","0.2","167","20","1 deli slice (20g)","Roast Chicken Slice","","true","true"
"Rotisserie Chicken (Quarter)","","","Meat","Chicken","266","25","0","18","5","0","0","460","140","1/4 rotisserie chicken","Rotisserie Chicken","","true","true"
"Turkey Breast (Roasted)","","","Meat","Turkey","135","30","0","0.7","0.2","0","0","46","100","100g roast breast","Turkey Breast","","true","true"
"Turkey Breast Slice (Deli)","","","Meat","Turkey","22","4.7","0.3","0.2","0.1","0","0.3","213","21","1 deli slice (21g)","Turkey Breast Slice","","true","true"
"Turkey Mince (Cooked)","","","Meat","Turkey","170","29","0","5.5","1.5","0","0","88","100","100g cooked","Turkey Mince","","true","true"
"Turkey Thigh (Roasted)","","","Meat","Turkey","187","28","0","7.4","2.3","0","0","85","100","100g roast thigh","Turkey Thigh","","true","true"
"Beef Steak (Sirloin, Grilled)","","","Meat","Beef","212","29","0","10","4","0","0","54","100","100g grilled sirloin","Beef Steak","","true","true"
"Beef Steak (Sirloin, 6oz)","","","Meat","Beef","360","49","0","17","6.8","0","0","92","170","6oz sirloin steak","Beef Steak","","true","true"
"Beef Steak (Sirloin, 8oz)","","","Meat","Beef","480","66","0","23","9","0","0","122","227","8oz sirloin steak","Beef Steak","","true","true"
"Beef Steak (Ribeye, Grilled)","","","Meat","Beef","291","24","0","21","9","0","0","58","100","100g grilled ribeye","Beef Steak","","true","true"
"Beef Steak (Ribeye, 8oz)","","","Meat","Beef","660","54","0","48","20","0","0","132","227","8oz ribeye steak","Beef Steak","","true","true"
"Beef Steak (Fillet/Tenderloin, Grilled)","","","Meat","Beef","271","26","0","18","7","0","0","54","100","100g grilled fillet","Beef Steak","","true","true"
"Beef Steak (Rump, Grilled)","","","Meat","Beef","183","28","0","7.3","2.8","0","0","56","100","100g grilled rump","Beef Steak","","true","true"
"Beef Mince (5% Fat, Cooked)","","","Meat","Beef","158","26","0","5.6","2.4","0","0","66","100","100g cooked lean mince","Beef Mince","","true","true"
"Beef Mince (10% Fat, Cooked)","","","Meat","Beef","217","26","0","12","4.8","0","0","76","100","100g cooked mince","Beef Mince","","true","true"
"Beef Mince (20% Fat, Cooked)","","","Meat","Beef","254","24","0","17","6.8","0","0","80","100","100g cooked regular mince","Beef Mince","","true","true"
"Roast Beef (Lean, 3 slices)","","","Meat","Beef","147","27","0","3.9","1.4","0","0","42","85","3 slices roast beef (85g)","Roast Beef","","true","true"
"Roast Beef (Deli Slice)","","","Meat","Beef","29","5.4","0","0.8","0.3","0","0","140","17","1 deli slice (17g)","Roast Beef","","true","true"
"Beef Brisket (Braised)","","","Meat","Beef","331","28","0","24","9.4","0","0","60","100","100g braised brisket","Beef Brisket","","true","true"
"Beef Stewing Steak (Cooked)","","","Meat","Beef","252","33","0","13","5.2","0","0","55","100","100g cooked stewing beef","Beef Stewing Steak","","true","true"
"Corned Beef (Tinned, 2 slices)","","","Meat","Beef","106","12.5","0","6","2.6","0","0","490","50","2 slices (50g)","Corned Beef","","true","true"
"Lamb Chop (Loin, Grilled)","","","Meat","Lamb","269","26","0","18","8","0","0","72","100","100g grilled lamb chop","Lamb Chop","","true","true"
"Lamb Leg (Roasted)","","","Meat","Lamb","191","26","0","9","3.8","0","0","65","100","100g roast leg of lamb","Lamb Leg","","true","true"
"Lamb Leg (3 Slices)","","","Meat","Lamb","162","22","0","7.7","3.2","0","0","55","85","3 slices roast lamb (85g)","Lamb Leg","","true","true"
"Lamb Shoulder (Roasted)","","","Meat","Lamb","299","24","0","22","10","0","0","72","100","100g roast shoulder","Lamb Shoulder","","true","true"
"Lamb Mince (Cooked)","","","Meat","Lamb","283","24","0","20","8.5","0","0","77","100","100g cooked lamb mince","Lamb Mince","","true","true"
"Lamb Shank (Braised)","","","Meat","Lamb","247","29","0","14","5.5","0","0","78","100","100g braised shank","Lamb Shank","","true","true"
"Rack of Lamb (2 Cutlets)","","","Meat","Lamb","310","22","0","24","10","0","0","65","100","2 lamb cutlets (100g)","Rack of Lamb","","true","true"
"Pork Chop (Grilled, Lean)","","","Meat","Pork","197","30","0","8","2.8","0","0","62","100","100g grilled lean pork chop","Pork Chop","","true","true"
"Pork Loin (Roasted)","","","Meat","Pork","197","27","0","9","3.2","0","0","63","100","100g roast pork loin","Pork Loin","","true","true"
"Pork Loin (3 Slices)","","","Meat","Pork","167","23","0","7.7","2.7","0","0","54","85","3 slices roast pork (85g)","Pork Loin","","true","true"
"Pork Shoulder (Pulled)","","","Meat","Pork","273","22","0","20","7","0","0","65","100","100g pulled pork","Pork Shoulder","","true","true"
"Pork Belly (Roasted)","","","Meat","Pork","518","16","0","50","18","0","0","60","100","100g roast pork belly","Pork Belly","","true","true"
"Pork Mince (Cooked)","","","Meat","Pork","263","25","0","17","6","0","0","72","100","100g cooked pork mince","Pork Mince","","true","true"
"Pork Tenderloin (Roasted)","","","Meat","Pork","143","26","0","3.5","1.2","0","0","57","100","100g roast tenderloin","Pork Tenderloin","","true","true"
"Gammon Steak (Grilled)","","","Meat","Pork","167","25","0","7","2.4","0","0","1230","100","100g grilled gammon","Gammon Steak","","true","true"
"Ham (Slice, Deli)","","","Meat","Pork","30","4.8","0.5","1.1","0.4","0","0.4","290","28","1 slice deli ham (28g)","Ham","","true","true"
"Ham (2 Slices)","","","Meat","Pork","60","9.6","1","2.2","0.8","0","0.8","580","56","2 slices ham (56g)","Ham","","true","true"
"Parma Ham (2 Slices)","","","Meat","Pork","60","9","0","2.6","0.9","0","0","640","30","2 slices (30g)","Parma Ham","","true","true"
"Pancetta (30g)","","","Meat","Pork","131","9","0.4","10.5","3.6","0","0.3","515","30","30g pancetta","Pancetta","","true","true"
"Bacon (Rasher, Grilled)","","","Meat","Bacon","42","3","0.1","3.3","1.2","0","0.1","192","13","1 rasher streaky bacon","Bacon","","true","true"
"Bacon (2 Rashers, Grilled)","","","Meat","Bacon","84","6","0.2","6.6","2.4","0","0.2","384","26","2 rashers streaky bacon","Bacon","","true","true"
"Bacon (Back, 1 Rasher)","","","Meat","Bacon","65","7.5","0","3.8","1.3","0","0","450","25","1 rasher back bacon","Bacon","","true","true"
"Bacon (Back, 2 Rashers)","","","Meat","Bacon","130","15","0","7.6","2.6","0","0","900","50","2 rashers back bacon","Bacon","","true","true"
"Bacon Lardons (30g)","","","Meat","Bacon","94","5","0.3","8","3","0","0.2","420","30","30g bacon lardons","Bacon Lardons","","true","true"
"Turkey Bacon (2 Rashers)","","","Meat","Bacon","60","8","1","2.6","0.8","0","1","360","30","2 rashers turkey bacon","Turkey Bacon","","true","true"
"Pork Sausage (Grilled)","","","Meat","Sausages","141","8","5","10","3.5","0.5","1","450","50","1 pork sausage (50g)","Pork Sausage","","true","true"
"Pork Sausages (2, Grilled)","","","Meat","Sausages","282","16","10","20","7","1","2","900","100","2 pork sausages (100g)","Pork Sausages","","true","true"
"Pork Sausage (Jumbo/Cumberland)","","","Meat","Sausages","283","16","10","20","7","1","2","900","100","1 large sausage (100g)","Pork Sausage","","true","true"
"Chicken Sausage (Grilled)","","","Meat","Sausages","70","10","2","2.5","0.7","0","0.5","300","50","1 chicken sausage (50g)","Chicken Sausage","","true","true"
"Beef Sausage (Grilled)","","","Meat","Sausages","137","8","4","10","4","0.5","0.5","420","50","1 beef sausage (50g)","Beef Sausage","","true","true"
"Chorizo (30g)","","","Meat","Sausages","129","7","1.2","11","4","0","0.8","487","30","30g chorizo","Chorizo","","true","true"
"Salami (3 Slices)","","","Meat","Sausages","85","4.5","0.4","7.2","2.5","0","0.3","400","22","3 slices salami (22g)","Salami","","true","true"
"Pepperoni (10 Slices)","","","Meat","Sausages","138","5.8","0.7","12.6","4.6","0","0.6","493","28","10 slices (28g)","Pepperoni","","true","true"
"Frankfurter/Hot Dog","","","Meat","Sausages","151","5.4","1.8","13.5","4.8","0","0.5","504","52","1 frankfurter (52g)","Frankfurter/Hot Dog","","true","true"
"Duck Breast (Roasted, No Skin)","","","Meat","Duck","140","28","0","2.5","0.6","0","0","65","100","100g roast duck breast","Duck Breast","","true","true"
"Duck Breast (With Skin)","","","Meat","Duck","337","19","0","28","10","0","0","63","100","100g with skin","Duck Breast","","true","true"
"Duck Leg (Confit)","","","Meat","Duck","285","22","0","22","7","0","0","400","150","1 confit duck leg (150g)","Duck Leg","","true","true"
"Crispy Duck (Portion)","","","Meat","Duck","340","20","5","26","7","0","2","480","120","1 portion crispy duck","Crispy Duck","","true","true"
"Venison Steak (Grilled)","","","Meat","Game","157","30","0","3.2","1.3","0","0","54","100","100g grilled venison","Venison Steak","","true","true"
"Venison Mince (Cooked)","","","Meat","Game","187","36","0","4","1.6","0","0","70","100","100g cooked venison mince","Venison Mince","","true","true"
"Rabbit (Stewed)","","","Meat","Game","173","33","0","3.5","1","0","0","47","100","100g stewed rabbit","Rabbit","","true","true"
"Pheasant (Roasted)","","","Meat","Game","239","33","0","11","3.5","0","0","50","100","100g roast pheasant","Pheasant","","true","true"
"Chicken Liver (Fried)","","","Meat","Offal","172","26","1","6.8","2.2","0","0","92","100","100g fried chicken liver","Chicken Liver","","true","true"
"Beef Liver (Fried)","","","Meat","Offal","191","29","4","6.2","1.8","0","0","79","100","100g fried beef liver","Beef Liver","","true","true"
"Lamb's Liver (Fried)","","","Meat","Offal","237","30","4","10","3.7","0","0","80","100","100g fried lambs liver","Lamb's Liver","","true","true"
"Kidney (Lamb, Fried)","","","Meat","Offal","155","24","0.8","6","2.3","0","0","220","100","100g fried lamb kidney","Kidney","","true","true"
"Black Pudding (Slice)","","","Meat","Offal","105","4.5","6","7","2.5","0.5","0.5","350","40","1 slice (40g)","Black Pudding","","true","true"
"Haggis (Portion)","","","Meat","Offal","310","11","19","21","8","2","1","660","150","1 serving (150g)","Haggis","","true","true"
"Salmon Fillet (Baked)","","","Fish","Oily Fish","206","22","0","13","2.1","0","0","55","100","100g baked salmon","Salmon Fillet","Fish","true","true"
"Salmon Fillet (Grilled)","","","Fish","Oily Fish","208","22","0","13","2.2","0","0","56","100","100g grilled salmon","Salmon Fillet","Fish","true","true"
"Salmon Fillet (Medium, 125g)","","","Fish","Oily Fish","260","28","0","16","2.6","0","0","70","125","1 medium fillet (125g)","Salmon Fillet","Fish","true","true"
"Salmon Fillet (Large, 170g)","","","Fish","Oily Fish","350","37","0","22","3.6","0","0","94","170","1 large fillet (170g)","Salmon Fillet","Fish","true","true"
"Smoked Salmon (2 Slices)","","","Fish","Oily Fish","66","10.5","0","2.6","0.5","0","0","760","40","2 slices (40g)","Smoked Salmon","Fish","true","true"
"Smoked Salmon (50g)","","","Fish","Oily Fish","83","13","0","3.3","0.6","0","0","950","50","50g portion","Smoked Salmon","Fish","true","true"
"Salmon (Tinned, Drained)","","","Fish","Oily Fish","167","23","0","8","2","0","0","436","100","100g tinned salmon","Salmon","Fish","true","true"
"Tuna Steak (Grilled)","","","Fish","Oily Fish","184","30","0","6.3","1.6","0","0","50","100","100g grilled tuna steak","Tuna Steak","Fish","true","true"
"Tuna Steak (6oz)","","","Fish","Oily Fish","313","51","0","11","2.7","0","0","85","170","6oz tuna steak","Tuna Steak","Fish","true","true"
"Tuna (Tinned in Brine, Drained)","","","Fish","Oily Fish","99","24","0","0.5","0.1","0","0","287","100","100g tinned tuna in brine","Tuna","Fish","true","true"
"Tuna (Tinned in Oil, Drained)","","","Fish","Oily Fish","198","29","0","8.2","1.5","0","0","354","100","100g tinned tuna in oil","Tuna","Fish","true","true"
"Tuna (Small Tin, 80g Drained)","","","Fish","Oily Fish","79","19","0","0.4","0.1","0","0","230","80","1 small tin drained (80g)","Tuna","Fish","true","true"
"Cod Fillet (Baked)","","","Fish","White Fish","105","23","0","0.9","0.2","0","0","78","100","100g baked cod","Cod Fillet","Fish","true","true"
"Cod Fillet (Grilled)","","","Fish","White Fish","95","21","0","0.8","0.2","0","0","66","100","100g grilled cod","Cod Fillet","Fish","true","true"
"Cod Fillet (Medium, 150g)","","","Fish","White Fish","158","35","0","1.4","0.3","0","0","117","150","1 medium fillet (150g)","Cod Fillet","Fish","true","true"
"Cod (Battered, Chip Shop)","","","Fish","White Fish","445","22","22","30","3.5","1","0.5","350","200","1 battered cod (200g)","Cod","Fish, Wheat","true","true"
"Haddock Fillet (Baked)","","","Fish","White Fish","112","25","0","0.9","0.2","0","0","87","100","100g baked haddock","Haddock Fillet","Fish","true","true"
"Smoked Haddock (Poached)","","","Fish","White Fish","101","23","0","0.8","0.2","0","0","700","100","100g poached smoked haddock","Smoked Haddock","Fish","true","true"
"Haddock (Battered, Chip Shop)","","","Fish","White Fish","420","21","21","28","3.3","1","0.5","340","190","1 battered haddock (190g)","Haddock","Fish, Wheat","true","true"
"Sea Bass Fillet (Baked)","","","Fish","White Fish","124","24","0","2.6","0.6","0","0","87","100","100g baked sea bass","Sea Bass Fillet","Fish","true","true"
"Sea Bass Fillet (Grilled, 150g)","","","Fish","White Fish","186","36","0","3.9","0.9","0","0","131","150","1 fillet (150g)","Sea Bass Fillet","Fish","true","true"
"Plaice Fillet (Grilled)","","","Fish","White Fish","96","21","0","1.2","0.2","0","0","120","100","100g grilled plaice","Plaice Fillet","Fish","true","true"
"Sole (Dover, Grilled)","","","Fish","White Fish","91","20","0","1","0.2","0","0","101","100","100g grilled sole","Sole","Fish","true","true"
"Halibut (Grilled)","","","Fish","White Fish","140","27","0","2.9","0.4","0","0","69","100","100g grilled halibut","Halibut","Fish","true","true"
"Tilapia (Baked)","","","Fish","White Fish","128","26","0","2.7","1","0","0","56","100","100g baked tilapia","Tilapia","Fish","true","true"
"Pollock (Baked)","","","Fish","White Fish","118","25","0","1.3","0.3","0","0","113","100","100g baked pollock","Pollock","Fish","true","true"
"Coley (Baked)","","","Fish","White Fish","105","23","0","1.1","0.2","0","0","83","100","100g baked coley","Coley","Fish","true","true"
"Monkfish (Grilled)","","","Fish","White Fish","96","21","0","1","0.2","0","0","24","100","100g grilled monkfish","Monkfish","Fish","true","true"
"Mackerel Fillet (Grilled)","","","Fish","Oily Fish","262","24","0","18","4.2","0","0","90","100","100g grilled mackerel","Mackerel Fillet","Fish","true","true"
"Mackerel (Smoked, Fillet)","","","Fish","Oily Fish","354","19","0","31","6.3","0","0","615","100","100g smoked mackerel","Mackerel","Fish","true","true"
"Mackerel (Smoked, Peppered)","","","Fish","Oily Fish","366","19","0.5","32","6.5","0","0.5","640","100","100g peppered mackerel","Mackerel","Fish","true","true"
"Sardines (Tinned in Oil, Drained)","","","Fish","Oily Fish","208","25","0","11","1.5","0","0","505","100","100g tinned sardines","Sardines","Fish","true","true"
"Sardines (Tinned in Tomato)","","","Fish","Oily Fish","162","17","1.4","9.6","2.9","0","1","450","100","100g sardines in tomato","Sardines","Fish","true","true"
"Herring (Grilled)","","","Fish","Oily Fish","203","23","0","12","2.8","0","0","115","100","100g grilled herring","Herring","Fish","true","true"
"Kipper (Grilled)","","","Fish","Oily Fish","256","24","0","17","4.2","0","0","990","100","100g grilled kipper","Kipper","Fish","true","true"
"Trout (Rainbow, Baked)","","","Fish","Oily Fish","168","24","0","7.5","1.4","0","0","57","100","100g baked trout","Trout","Fish","true","true"
"Trout (Smoked)","","","Fish","Oily Fish","118","19","0","4.3","0.8","0","0","360","100","100g smoked trout","Trout","Fish","true","true"
"Anchovies (Tinned, Drained)","","","Fish","Oily Fish","210","29","0","10","2.2","0","0","3668","100","100g tinned anchovies","Anchovies","Fish","true","true"
"Anchovies (6 fillets)","","","Fish","Oily Fish","42","5.8","0","2","0.4","0","0","734","20","6 anchovy fillets (20g)","Anchovies","Fish","true","true"
"Prawns (Cooked, Peeled)","","","Seafood","Shellfish","99","21","0.2","1.1","0.3","0","0","224","100","100g cooked prawns","Prawns","Crustaceans","true","true"
"Prawns (Large, 6 pieces)","","","Seafood","Shellfish","50","11","0.1","0.6","0.1","0","0","112","50","6 large prawns (50g)","Prawns","Crustaceans","true","true"
"King Prawns (Grilled, 100g)","","","Seafood","Shellfish","105","22","0","1.5","0.3","0","0","230","100","100g grilled king prawns","King Prawns","Crustaceans","true","true"
"Scampi (Breaded, Fried)","","","Seafood","Shellfish","242","10","22","13","1.5","1","1","560","100","100g breaded scampi","Scampi","Crustaceans, Wheat","true","true"
"Crab Meat (Fresh)","","","Seafood","Shellfish","97","19","0.5","1.8","0.2","0","0","395","100","100g fresh crab","Crab Meat","Crustaceans","true","true"
"Crab (Dressed, 80g)","","","Seafood","Shellfish","112","15","0.4","5.5","0.7","0","0","400","80","1 dressed crab (80g)","Crab","Crustaceans","true","true"
"Lobster (Boiled)","","","Seafood","Shellfish","98","21","0","1","0.2","0","0","486","100","100g boiled lobster","Lobster","Crustaceans","true","true"
"Lobster Tail (Grilled)","","","Seafood","Shellfish","129","27","0","1.5","0.3","0","0","420","135","1 lobster tail (135g)","Lobster Tail","Crustaceans","true","true"
"Mussels (Cooked, 10 large)","","","Seafood","Shellfish","86","12","4","2.3","0.4","0","0","314","100","10 large mussels (100g)","Mussels","Molluscs","true","true"
"Mussels (Moules Mariniere)","","","Seafood","Shellfish","146","15","5","7","2.5","0","1","450","150","1 portion (150g)","Mussels","Molluscs, Milk","true","true"
"Oysters (Raw, 6 medium)","","","Seafood","Shellfish","57","6","3","2.1","0.6","0","0","211","84","6 medium oysters","Oysters","Molluscs","true","true"
"Scallops (Pan-Fried, 3 large)","","","Seafood","Shellfish","94","14","3.5","2.5","0.4","0","0","333","75","3 large scallops (75g)","Scallops","Molluscs","true","true"
"Squid (Grilled)","","","Seafood","Molluscs","92","18","3","1.4","0.4","0","0","44","100","100g grilled squid","Squid","Molluscs","true","true"
"Calamari (Fried)","","","Seafood","Molluscs","175","18","8","7.5","1.8","0.5","0.5","260","100","100g fried calamari","Calamari","Molluscs, Wheat","true","true"
"Octopus (Grilled)","","","Seafood","Molluscs","164","30","4","2.1","0.5","0","0","460","100","100g grilled octopus","Octopus","Molluscs","true","true"
"Clams (Steamed)","","","Seafood","Shellfish","148","26","5","2","0.2","0","0","112","100","100g steamed clams","Clams","Molluscs","true","true"
"Cockles (Pickled, 50g)","","","Seafood","Shellfish","26","6","0","0.3","0.1","0","0","500","50","50g pickled cockles","Cockles","Molluscs","true","true"
"Whelks (50g)","","","Seafood","Shellfish","44","10","0","0.4","0.1","0","0","250","50","50g whelks","Whelks","Molluscs","true","true"
"Fish Finger (Grilled)","","","Fish","Fish Products","45","3.5","4.5","1.5","0.2","0.2","0.2","100","26","1 fish finger (26g)","Fish Finger","Fish, Wheat","true","true"
"Fish Fingers (4, Grilled)","","","Fish","Fish Products","180","14","18","6","0.8","0.8","0.8","400","104","4 fish fingers (104g)","Fish Fingers","Fish, Wheat","true","true"
"Fish Cake (Grilled)","","","Fish","Fish Products","120","6","14","4.5","0.8","1","0.5","350","75","1 fish cake (75g)","Fish Cake","Fish, Wheat","true","true"
"Fish Pie (Shop Portion)","","","Fish","Fish Products","340","18","30","16","8","2","3","680","300","1 portion (300g)","Fish Pie","Fish, Milk, Wheat","true","true"
"Surimi/Crab Sticks (4 sticks)","","","Seafood","Fish Products","65","5","9","0.8","0.1","0","3","425","68","4 crab sticks (68g)","Surimi/Crab Sticks","Fish, Wheat, Eggs","true","true"
"White Rice (Boiled, Cup)","","","Grains","Rice","204","4.2","44","0.4","0.1","0.6","0.1","1","158","1 cup cooked white rice","White Rice","","true","true"
"White Rice (Boiled, Half Cup)","","","Grains","Rice","102","2.1","22","0.2","0","0.3","0","1","79","1/2 cup cooked white rice","White Rice","","true","true"
"Brown Rice (Boiled, Cup)","","","Grains","Rice","216","5","45","1.8","0.4","3.5","0.7","10","195","1 cup cooked brown rice","Brown Rice","","true","true"
"Basmati Rice (Boiled, Cup)","","","Grains","Rice","191","4","42","0.4","0.1","0.6","0.1","1","155","1 cup cooked basmati","Basmati Rice","","true","true"
"Jasmine Rice (Boiled, Cup)","","","Grains","Rice","181","4","39","0.3","0.1","0.5","0.1","1","150","1 cup cooked jasmine","Jasmine Rice","","true","true"
"Wild Rice (Boiled, Cup)","","","Grains","Rice","166","6.5","35","0.6","0.1","3","1.2","5","164","1 cup cooked wild rice","Wild Rice","","true","true"
"Pasta (Boiled, Cup)","","","Grains","Pasta","220","8","43","1.3","0.2","2.5","0.8","1","140","1 cup cooked pasta","Pasta","Wheat","true","true"
"Pasta (Boiled, Half Cup)","","","Grains","Pasta","110","4","22","0.7","0.1","1.3","0.4","1","70","1/2 cup cooked pasta","Pasta","Wheat","true","true"
"Spaghetti (Boiled, Cup)","","","Grains","Pasta","220","8","43","1.3","0.2","2.5","0.8","1","140","1 cup cooked spaghetti","Spaghetti","Wheat","true","true"
"Penne (Boiled, Cup)","","","Grains","Pasta","220","8","43","1.3","0.2","2.5","0.8","1","140","1 cup cooked penne","Penne","Wheat","true","true"
"Fusilli (Boiled, Cup)","","","Grains","Pasta","220","8","43","1.3","0.2","2.5","0.8","1","140","1 cup cooked fusilli","Fusilli","Wheat","true","true"
"Wholewheat Pasta (Boiled, Cup)","","","Grains","Pasta","174","7.5","37","0.8","0.1","6.3","0.8","4","140","1 cup wholewheat pasta","Wholewheat Pasta","Wheat","true","true"
"Egg Noodles (Boiled, Cup)","","","Grains","Pasta","221","7.3","40","3.3","0.7","1.9","0.5","11","160","1 cup cooked egg noodles","Egg Noodles","Wheat, Eggs","true","true"
"Rice Noodles (Boiled, Cup)","","","Grains","Pasta","192","1.6","44","0.4","0.1","1.8","0","33","176","1 cup cooked rice noodles","Rice Noodles","","true","true"
"Lasagne Sheets (3 sheets)","","","Grains","Pasta","195","7","40","1","0.2","1.5","0.5","5","57","3 lasagne sheets","Lasagne Sheets","Wheat","true","true"
"Couscous (Cooked, Cup)","","","Grains","Pasta","176","6","36","0.3","0","2.2","0.2","8","157","1 cup cooked couscous","Couscous","Wheat","true","true"
"Quinoa (Cooked, Cup)","","","Grains","Ancient Grains","222","8.1","39","3.6","0.4","5.2","1.6","13","185","1 cup cooked quinoa","Quinoa","","true","true"
"Bulgur Wheat (Cooked, Cup)","","","Grains","Ancient Grains","151","5.6","34","0.4","0.1","8.2","0.2","9","182","1 cup cooked bulgur","Bulgur Wheat","Wheat","true","true"
"Pearl Barley (Cooked, Cup)","","","Grains","Ancient Grains","193","3.5","44","0.7","0.1","6","0.4","5","157","1 cup cooked barley","Pearl Barley","","true","true"
"Porridge Oats (Cooked, Bowl)","","","Grains","Oats","158","6","27","3.2","0.6","4","1","9","234","1 bowl porridge with water","Porridge Oats","Oats","true","true"
"Porridge Oats (With Milk, Bowl)","","","Grains","Oats","236","9.5","35","6","2","4","8","90","280","1 bowl porridge with milk","Porridge Oats","Oats, Milk","true","true"
"Rolled Oats (Dry, Half Cup)","","","Grains","Oats","150","5","27","3","0.5","4","0.5","0","40","1/2 cup dry oats","Rolled Oats","Oats","true","true"
"Polenta (Cooked, Cup)","","","Grains","Corn","145","3.5","31","0.5","0.1","1.4","0.2","307","240","1 cup cooked polenta","Polenta","","true","true"
"White Bread (Slice)","","","Grains","Bread","79","2.7","15","1","0.2","0.6","1.4","147","30","1 slice white bread","White Bread","Wheat","true","true"
"White Bread (2 Slices)","","","Grains","Bread","158","5.4","30","2","0.4","1.2","2.8","294","60","2 slices white bread","White Bread","Wheat","true","true"
"Wholemeal Bread (Slice)","","","Grains","Bread","81","4","14","1.1","0.2","1.9","1.4","132","36","1 slice wholemeal bread","Wholemeal Bread","Wheat","true","true"
"Wholemeal Bread (2 Slices)","","","Grains","Bread","162","8","28","2.2","0.4","3.8","2.8","264","72","2 slices wholemeal bread","Wholemeal Bread","Wheat","true","true"
"Sourdough (Slice)","","","Grains","Bread","93","3.8","18","0.6","0.1","0.9","0.8","190","40","1 slice sourdough","Sourdough","Wheat","true","true"
"Ciabatta Roll","","","Grains","Bread","206","7","39","2.5","0.5","2","2","370","75","1 ciabatta roll","Ciabatta Roll","Wheat","true","true"
"Baguette (6 inch)","","","Grains","Bread","185","6","36","1.8","0.4","1.5","1.5","350","68","6 inch baguette piece","Baguette","Wheat","true","true"
"Pitta Bread (White)","","","Grains","Bread","165","5.5","33","0.7","0.1","1.3","0.8","322","60","1 white pitta","Pitta Bread","Wheat","true","true"
"Pitta Bread (Wholemeal)","","","Grains","Bread","152","6","30","1","0.2","4.5","1","300","60","1 wholemeal pitta","Pitta Bread","Wheat","true","true"
"Naan Bread","","","Grains","Bread","260","9","45","5","1.5","2","3","410","90","1 naan bread","Naan Bread","Wheat, Milk","true","true"
"Tortilla Wrap (Large)","","","Grains","Bread","218","6","36","5","1.6","2.2","1.2","450","64","1 large flour tortilla","Tortilla Wrap","Wheat","true","true"
"Tortilla Wrap (Wholemeal)","","","Grains","Bread","170","5","28","4","0.8","4","1","380","60","1 wholemeal tortilla","Tortilla Wrap","Wheat","true","true"
"Bagel (Plain)","","","Grains","Bread","245","9","48","1.2","0.2","2.1","5","430","89","1 plain bagel","Bagel","Wheat","true","true"
"English Muffin","","","Grains","Bread","132","5","26","1","0.2","1.5","2","220","57","1 english muffin","English Muffin","Wheat","true","true"
"Crumpet","","","Grains","Bread","80","3","16","0.4","0.1","0.8","1","270","40","1 crumpet","Crumpet","Wheat","true","true"
"Toast (1 Slice with Butter)","","","Grains","Bread","115","2.7","15","5","2.5","0.6","1.4","176","35","1 slice toast with butter","Toast","Wheat, Milk","true","true"
"Croissant","","","Grains","Pastry","231","4.7","26","12","6.6","1.5","6","260","57","1 croissant","Croissant","Wheat, Milk, Eggs","true","true"
"Pain au Chocolat","","","Grains","Pastry","295","5","32","16","8","1.5","12","230","70","1 pain au chocolat","Pain au Chocolat","Wheat, Milk, Eggs","true","true"
"Chickpeas (Tinned, Drained Half Cup)","","","Legumes","Beans","134","7.3","22","2.1","0.2","6.2","4","199","120","1/2 cup tinned chickpeas","Chickpeas","","true","true"
"Lentils (Boiled, Cup)","","","Legumes","Lentils","230","18","40","0.8","0.1","15.6","3.6","4","198","1 cup cooked lentils","Lentils","","true","true"
"Red Lentils (Boiled, Cup)","","","Legumes","Lentils","230","18","40","0.8","0.1","15.6","3.6","4","198","1 cup cooked red lentils","Red Lentils","","true","true"
"Black Beans (Tinned, Half Cup)","","","Legumes","Beans","109","7","20","0.5","0.1","7.5","0.3","241","129","1/2 cup tinned black beans","Black Beans","","true","true"
"Kidney Beans (Tinned, Half Cup)","","","Legumes","Beans","108","7.5","19","0.4","0.1","6.4","1.6","290","128","1/2 cup tinned kidney beans","Kidney Beans","","true","true"
"Cannellini Beans (Tinned, Half Cup)","","","Legumes","Beans","100","6","18","0.3","0.1","5","0.5","200","130","1/2 cup tinned cannellini","Cannellini Beans","","true","true"
"Butter Beans (Tinned, Half Cup)","","","Legumes","Beans","95","6","17","0.3","0.1","5.5","0.8","215","125","1/2 cup tinned butter beans","Butter Beans","","true","true"
"Baked Beans (Half Tin)","","","Legumes","Beans","164","9.6","27","1","0.2","7","10","960","200","1/2 tin baked beans","Baked Beans","","true","true"
"Baked Beans (Small Tin)","","","Legumes","Beans","131","7.7","22","0.8","0.2","5.6","8","768","160","1 small tin baked beans","Baked Beans","","true","true"
"Edamame (Cup)","","","Legumes","Soy","188","18.4","14","8","0.9","8","3.4","9","155","1 cup edamame","Edamame","Soya","true","true"
"Tofu (Firm, 100g)","","","Legumes","Soy","144","17","3","8.7","1.3","2.3","0.6","14","100","100g firm tofu","Tofu","Soya","true","true"
"Tofu (Silken, 100g)","","","Legumes","Soy","55","5","2.2","3.1","0.5","0","1.2","8","100","100g silken tofu","Tofu","Soya","true","true"
"Tempeh (100g)","","","Legumes","Soy","193","19","9","11","2.2","0","0","9","100","100g tempeh","Tempeh","Soya","true","true"
"Hummus (2 Tablespoons)","","","Legumes","Spreads","70","2","6","5","0.7","1.4","0.4","146","30","2 tablespoons hummus","Hummus","Sesame","true","true"
"Hummus (50g Portion)","","","Legumes","Spreads","117","3.3","10","8.3","1.2","2.3","0.7","243","50","50g pot hummus","Hummus","Sesame","true","true"
"Almonds (10 nuts)","","","Nuts & Seeds","Nuts","69","2.5","2.5","6","0.5","1.5","0.5","0","12","10 almonds","Almonds","Tree Nuts","true","true"
"Almonds (Small Handful, 23)","","","Nuts & Seeds","Nuts","162","6","6","14","1.1","3.5","1.2","0","28","23 almonds (28g)","Almonds","Tree Nuts","true","true"
"Walnuts (7 halves)","","","Nuts & Seeds","Nuts","91","2","2","9","0.9","1","0.4","0","14","7 walnut halves","Walnuts","Tree Nuts","true","true"
"Walnuts (Quarter Cup)","","","Nuts & Seeds","Nuts","191","4.5","4","19","1.8","2","0.8","1","29","1/4 cup walnuts","Walnuts","Tree Nuts","true","true"
"Cashews (10 nuts)","","","Nuts & Seeds","Nuts","55","1.8","3","4.4","0.8","0.3","0.6","1","10","10 cashews","Cashews","Tree Nuts","true","true"
"Cashews (Small Handful, 18)","","","Nuts & Seeds","Nuts","157","5.2","9","12.4","2.2","0.9","1.7","3","28","18 cashews (28g)","Cashews","Tree Nuts","true","true"
"Peanuts (30g Portion)","","","Nuts & Seeds","Nuts","170","7.3","5","14.7","2","2.4","1.2","5","30","30g peanuts","Peanuts","Peanuts","true","true"
"Hazelnuts (10 nuts)","","","Nuts & Seeds","Nuts","88","2.1","2.3","8.5","0.6","1.4","0.6","0","14","10 hazelnuts","Hazelnuts","Tree Nuts","true","true"
"Pistachios (30 nuts)","","","Nuts & Seeds","Nuts","87","3","4","7","0.9","1.6","1.1","0","15","30 pistachios (shelled)","Pistachios","Tree Nuts","true","true"
"Brazil Nuts (3 nuts)","","","Nuts & Seeds","Nuts","99","2.2","1.8","10","2.4","1.1","0.4","0","15","3 brazil nuts","Brazil Nuts","Tree Nuts","true","true"
"Macadamia Nuts (5 nuts)","","","Nuts & Seeds","Nuts","102","1.1","1.9","10.8","1.7","1.2","0.6","1","14","5 macadamia nuts","Macadamia Nuts","Tree Nuts","true","true"
"Pecans (10 halves)","","","Nuts & Seeds","Nuts","98","1.3","2","10.2","0.9","1.4","0.5","0","14","10 pecan halves","Pecans","Tree Nuts","true","true"
"Mixed Nuts (30g)","","","Nuts & Seeds","Nuts","182","5","6","16","2.2","2","1.2","3","30","30g mixed nuts","Mixed Nuts","Tree Nuts","true","true"
"Peanut Butter (Tablespoon)","","","Nuts & Seeds","Nut Butters","94","4","3","8","1.7","0.9","1","73","16","1 tablespoon peanut butter","Peanut Butter","Peanuts","true","true"
"Peanut Butter (2 Tablespoons)","","","Nuts & Seeds","Nut Butters","188","8","6","16","3.4","1.8","2","146","32","2 tablespoons peanut butter","Peanut Butter","Peanuts","true","true"
"Almond Butter (Tablespoon)","","","Nuts & Seeds","Nut Butters","98","3.4","3","9","0.9","1.6","0.7","0","16","1 tablespoon almond butter","Almond Butter","Tree Nuts","true","true"
"Chia Seeds (Tablespoon)","","","Nuts & Seeds","Seeds","58","2","5","3.7","0.4","4.1","0","2","12","1 tablespoon chia seeds","Chia Seeds","","true","true"
"Flaxseeds (Tablespoon)","","","Nuts & Seeds","Seeds","37","1.3","2","3","0.3","1.9","0.1","2","7","1 tablespoon flaxseeds","Flaxseeds","","true","true"
"Sunflower Seeds (2 Tablespoons)","","","Nuts & Seeds","Seeds","102","4","4","9","0.9","1.9","0.5","1","18","2 tablespoons sunflower seeds","Sunflower Seeds","","true","true"
"Pumpkin Seeds (2 Tablespoons)","","","Nuts & Seeds","Seeds","85","4","2","7","1.3","0.9","0.2","2","15","2 tablespoons pumpkin seeds","Pumpkin Seeds","","true","true"
"Sesame Seeds (Tablespoon)","","","Nuts & Seeds","Seeds","52","1.6","2","4.5","0.6","1.1","0","1","9","1 tablespoon sesame seeds","Sesame Seeds","Sesame","true","true"
"Hemp Seeds (2 Tablespoons)","","","Nuts & Seeds","Seeds","111","6.3","1.7","9.8","1","0.8","0.3","1","20","2 tablespoons hemp seeds","Hemp Seeds","","true","true"
"Poppy Seeds (Tablespoon)","","","Nuts & Seeds","Seeds","46","1.6","2.5","3.7","0.4","1.7","0.3","2","9","1 tablespoon poppy seeds","Poppy Seeds","","true","true"
"Olive Oil (Tablespoon)","","","Oils & Fats","Oils","119","0","0","13.5","1.9","0","0","0","14","1 tablespoon olive oil","Olive Oil","","true","true"
"Olive Oil (Teaspoon)","","","Oils & Fats","Oils","40","0","0","4.5","0.6","0","0","0","5","1 teaspoon olive oil","Olive Oil","","true","true"
"Vegetable Oil (Tablespoon)","","","Oils & Fats","Oils","120","0","0","13.6","2","0","0","0","14","1 tablespoon vegetable oil","Vegetable Oil","","true","true"
"Sunflower Oil (Tablespoon)","","","Oils & Fats","Oils","120","0","0","13.6","1.4","0","0","0","14","1 tablespoon sunflower oil","Sunflower Oil","","true","true"
"Coconut Oil (Tablespoon)","","","Oils & Fats","Oils","117","0","0","13.6","11.8","0","0","0","14","1 tablespoon coconut oil","Coconut Oil","","true","true"
"Sesame Oil (Tablespoon)","","","Oils & Fats","Oils","120","0","0","13.6","1.9","0","0","0","14","1 tablespoon sesame oil","Sesame Oil","Sesame","true","true"
"Rapeseed Oil (Tablespoon)","","","Oils & Fats","Oils","124","0","0","14","1","0","0","0","14","1 tablespoon rapeseed oil","Rapeseed Oil","","true","true"
"Avocado Oil (Tablespoon)","","","Oils & Fats","Oils","124","0","0","14","1.6","0","0","0","14","1 tablespoon avocado oil","Avocado Oil","","true","true"
"Granny Smith Apple","","","Fruits","Pome Fruits","63","0.4","15","0.1","0","2.8","12","1","130","1 medium Granny Smith","Granny Smith Apple","","true","true"
"Gala Apple","","","Fruits","Pome Fruits","80","0.4","22","0.2","0","3.3","18","1","154","1 medium Gala apple","Gala Apple","","true","true"
"Pink Lady Apple","","","Fruits","Pome Fruits","72","0.4","19","0.2","0","3.3","15","0","140","1 medium Pink Lady","Pink Lady Apple","","true","true"
"Braeburn Apple","","","Fruits","Pome Fruits","80","0.4","21","0.2","0","3.7","17","1","154","1 medium Braeburn","Braeburn Apple","","true","true"
"Fuji Apple","","","Fruits","Pome Fruits","95","0.4","25","0.3","0","4.4","20","2","182","1 medium Fuji apple","Fuji Apple","","true","true"
"Golden Delicious Apple","","","Fruits","Pome Fruits","83","0.4","22","0.2","0","3.7","17","2","160","1 medium Golden Delicious","Golden Delicious Apple","","true","true"
"Royal Gala Apple","","","Fruits","Pome Fruits","77","0.4","20","0.2","0","3.5","16","1","150","1 medium Royal Gala","Royal Gala Apple","","true","true"
"Cox Apple","","","Fruits","Pome Fruits","60","0.3","16","0.1","0","2.6","13","1","120","1 medium Cox apple","Cox Apple","","true","true"
"Honeycrisp Apple","","","Fruits","Pome Fruits","95","0.4","25","0.3","0","4","19","2","182","1 medium Honeycrisp","Honeycrisp Apple","","true","true"
"Jazz Apple","","","Fruits","Pome Fruits","70","0.4","18","0.2","0","3.2","14","1","135","1 medium Jazz apple","Jazz Apple","","true","true"
"Cooking Apple (Bramley)","","","Fruits","Pome Fruits","56","0.4","14","0.1","0","2.4","10","1","150","1 medium Bramley","Cooking Apple","","true","true"
"Navel Orange","","","Fruits","Citrus Fruits","69","1.3","18","0.2","0","3.1","12","0","154","1 medium navel orange","Navel Orange","","true","true"
"Blood Orange","","","Fruits","Citrus Fruits","70","1.3","17","0.2","0","3.4","12","0","154","1 medium blood orange","Blood Orange","","true","true"
"Valencia Orange","","","Fruits","Citrus Fruits","59","1.2","14","0.4","0","3","12","0","131","1 medium Valencia orange","Valencia Orange","","true","true"
"Cara Cara Orange","","","Fruits","Citrus Fruits","80","1.5","19","0.2","0","4","14","0","170","1 medium Cara Cara","Cara Cara Orange","","true","true"
"Jaffa Orange","","","Fruits","Citrus Fruits","62","1.2","15","0.2","0","3.1","12","0","131","1 medium Jaffa orange","Jaffa Orange","","true","true"
"Cavendish Banana","","","Fruits","Tropical Fruits","105","1.3","27","0.4","0.1","3.1","14","1","118","1 medium banana","Cavendish Banana","","true","true"
"Plantain (Raw)","","","Fruits","Tropical Fruits","122","1.3","32","0.4","0.1","2.3","15","4","118","1 medium plantain","Plantain","","true","true"
"Plantain (Fried, 1 cup)","","","Fruits","Tropical Fruits","365","1.5","58","15","3.4","4","14","7","154","1 cup fried plantain","Plantain","","true","true"
"Lady Finger Banana","","","Fruits","Tropical Fruits","90","1.1","23","0.3","0.1","2.6","12","1","100","1 lady finger banana","Lady Finger Banana","","true","true"
"Red Banana","","","Fruits","Tropical Fruits","90","1.3","22","0.3","0.1","2.8","14","1","100","1 small red banana","Red Banana","","true","true"
"Red Grapes (Cup)","","","Fruits","Berries","104","1.1","27","0.2","0.1","1.4","23","3","151","1 cup red grapes","Red Grapes","","true","true"
"Green Grapes (Cup)","","","Fruits","Berries","104","1.1","27","0.2","0.1","1.4","23","3","151","1 cup green grapes","Green Grapes","","true","true"
"Black Grapes (Cup)","","","Fruits","Berries","110","1.1","28","0.3","0.1","1.5","24","3","151","1 cup black grapes","Black Grapes","","true","true"
"Cotton Candy Grapes (Cup)","","","Fruits","Berries","100","1","26","0.2","0","1.3","22","2","150","1 cup","Cotton Candy Grapes","","true","true"
"Conference Pear","","","Fruits","Pome Fruits","103","0.6","27","0.2","0","5.5","17","2","178","1 medium Conference pear","Conference Pear","","true","true"
"Williams Pear","","","Fruits","Pome Fruits","96","0.6","25","0.2","0","5","16","2","166","1 medium Williams pear","Williams Pear","","true","true"
"Comice Pear","","","Fruits","Pome Fruits","116","0.7","31","0.2","0","6","20","2","200","1 medium Comice pear","Comice Pear","","true","true"
"Asian Pear","","","Fruits","Pome Fruits","51","0.6","13","0.3","0","4.4","9","0","122","1 medium Asian pear","Asian Pear","","true","true"
"Rocha Pear","","","Fruits","Pome Fruits","95","0.6","25","0.2","0","5","16","2","164","1 medium Rocha pear","Rocha Pear","","true","true"
"Wild Blueberries (Cup)","","","Fruits","Berries","80","1","20","0.4","0","4","14","1","140","1 cup wild blueberries","Wild Blueberries","","true","true"
"Cultivated Blueberries (Cup)","","","Fruits","Berries","84","1.1","21","0.5","0","3.6","15","1","148","1 cup blueberries","Cultivated Blueberries","","true","true"
"Golden Raspberries (Cup)","","","Fruits","Berries","64","1.5","15","0.8","0","8","5","1","123","1 cup golden raspberries","Golden Raspberries","","true","true"
"Loganberries (Cup)","","","Fruits","Berries","81","2.2","18","0.5","0","7.8","7","1","147","1 cup loganberries","Loganberries","","true","true"
"Tayberries (Cup)","","","Fruits","Berries","70","1.8","16","0.5","0","7","6","1","140","1 cup tayberries","Tayberries","","true","true"
"Boysenberries (Cup)","","","Fruits","Berries","66","1.5","16","0.3","0","7","9","1","132","1 cup boysenberries","Boysenberries","","true","true"
"Gooseberries (Cup)","","","Fruits","Berries","66","1.3","15","0.9","0","6.5","0","2","150","1 cup gooseberries","Gooseberries","","true","true"
"Redcurrants (Cup)","","","Fruits","Berries","63","1.6","14","0.2","0","4.8","7","1","112","1 cup redcurrants","Redcurrants","","true","true"
"Blackcurrants (Cup)","","","Fruits","Berries","71","1.6","17","0.5","0","0","0","2","112","1 cup blackcurrants","Blackcurrants","","true","true"
"Elderberries (Cup)","","","Fruits","Berries","106","1","27","0.7","0","10.2","0","9","145","1 cup elderberries","Elderberries","","true","true"
"Mulberries (Cup)","","","Fruits","Berries","60","2","14","0.5","0","2.4","11","14","140","1 cup mulberries","Mulberries","","true","true"
"Cranberries (Fresh, Cup)","","","Fruits","Berries","46","0.4","12","0.1","0","4.6","4","2","100","1 cup fresh cranberries","Cranberries","","true","true"
"Galia Melon (Cup)","","","Fruits","Melons","56","1.4","13","0.2","0","1.5","12","30","160","1 cup Galia melon","Galia Melon","","true","true"
"Charentais Melon (Cup)","","","Fruits","Melons","54","1.3","13","0.3","0.1","1.4","12","25","160","1 cup Charentais melon","Charentais Melon","","true","true"
"Canary Melon (Cup)","","","Fruits","Melons","52","1.1","12","0.2","0","1.2","10","18","160","1 cup Canary melon","Canary Melon","","true","true"
"Santa Claus Melon (Cup)","","","Fruits","Melons","60","0.9","15","0.2","0.1","1.4","14","31","170","1 cup Santa Claus melon","Santa Claus Melon","","true","true"
"Alphonso Mango","","","Fruits","Tropical Fruits","107","0.9","28","0.5","0.1","2.9","25","2","165","1 cup Alphonso mango","Alphonso Mango","","true","true"
"Ataulfo/Honey Mango","","","Fruits","Tropical Fruits","107","1.1","28","0.6","0.2","2.5","24","2","165","1 cup Ataulfo mango","Ataulfo/Honey Mango","","true","true"
"Kent Mango","","","Fruits","Tropical Fruits","135","1.1","35","0.6","0.1","3.7","31","2","207","1 whole Kent mango","Kent Mango","","true","true"
"Maris Piper Potato (Baked)","","","Vegetables","Root Vegetables","165","4.5","38","0.2","0","4","2","18","180","1 medium baked Maris Piper","Maris Piper Potato","","true","true"
"King Edward Potato (Baked)","","","Vegetables","Root Vegetables","172","4.6","40","0.2","0","4.2","2.1","18","185","1 medium baked King Edward","King Edward Potato","","true","true"
"Charlotte Potato (Boiled, 5 small)","","","Vegetables","Root Vegetables","112","2.4","26","0.1","0","2.5","1.1","5","145","5 small Charlotte potatoes","Charlotte Potato","","true","true"
"Jersey Royal Potato (Boiled, 5 small)","","","Vegetables","Root Vegetables","109","2.3","25","0.1","0","2.4","1","5","140","5 small Jersey Royals","Jersey Royal Potato","","true","true"
"Desiree Potato (Mashed, Cup)","","","Vegetables","Root Vegetables","174","3.4","37","1.2","0.7","3.2","3","620","210","1 cup mashed Desiree","Desiree Potato","","true","true"
"Rooster Potato (Roasted)","","","Vegetables","Root Vegetables","185","3","30","6","0.8","2.5","1","300","150","3 roast Rooster potatoes","Rooster Potato","","true","true"
"Vivaldi Potato (Boiled)","","","Vegetables","Root Vegetables","134","2.9","31","0.1","0","2.4","1","7","167","1 medium boiled Vivaldi","Vivaldi Potato","","true","true"
"Yukon Gold Potato (Baked)","","","Vegetables","Root Vegetables","164","4.3","36","0.2","0","3.8","1.5","17","173","1 medium baked Yukon Gold","Yukon Gold Potato","","true","true"
"Fingerling Potatoes (Roasted, Cup)","","","Vegetables","Root Vegetables","175","3","29","5.5","0.7","3","1.5","280","150","1 cup roasted fingerlings","Fingerling Potatoes","","true","true"
"Purple Potato (Baked)","","","Vegetables","Root Vegetables","161","4.3","37","0.2","0","3.8","2","17","173","1 medium baked purple potato","Purple Potato","","true","true"
"Orange Sweet Potato (Baked)","","","Vegetables","Root Vegetables","103","2.3","24","0.1","0","3.8","7","41","114","1 medium orange sweet potato","Orange Sweet Potato","","true","true"
"Japanese Sweet Potato (Baked)","","","Vegetables","Root Vegetables","113","2.5","26","0.1","0","4","5","36","114","1 medium Japanese sweet potato","Japanese Sweet Potato","","true","true"
"Purple Sweet Potato (Baked)","","","Vegetables","Root Vegetables","108","1.5","26","0.1","0","4.2","4.5","22","114","1 medium purple sweet potato","Purple Sweet Potato","","true","true"
"White Sweet Potato (Baked)","","","Vegetables","Root Vegetables","98","2.2","23","0.1","0","3.5","6","38","114","1 medium white sweet potato","White Sweet Potato","","true","true"
"Beef Tomato","","","Vegetables","Fruiting Vegetables","36","1.8","8","0.4","0.1","2.4","5","10","200","1 large beef tomato","Beef Tomato","","true","true"
"Roma/Plum Tomato","","","Vegetables","Fruiting Vegetables","11","0.5","2.4","0.1","0","0.7","1.6","3","62","1 Roma tomato","Roma/Plum Tomato","","true","true"
"Vine Tomatoes (3 medium)","","","Vegetables","Fruiting Vegetables","47","2.3","10","0.5","0.1","3.3","7","13","260","3 medium vine tomatoes","Vine Tomatoes","","true","true"
"San Marzano Tomatoes (Tinned, Cup)","","","Vegetables","Fruiting Vegetables","32","1.6","7","0.2","0","2","5","260","240","1 cup tinned San Marzano","San Marzano Tomatoes","","true","true"
"Heirloom Tomato","","","Vegetables","Fruiting Vegetables","32","1.6","7","0.4","0.1","2.2","4.7","9","180","1 large heirloom tomato","Heirloom Tomato","","true","true"
"Campari Tomatoes (5)","","","Vegetables","Fruiting Vegetables","30","1.5","6.5","0.3","0","2","4.5","9","170","5 Campari tomatoes","Campari Tomatoes","","true","true"
"Yellow Cherry Tomatoes (Cup)","","","Vegetables","Fruiting Vegetables","27","1.3","6","0.3","0","1.8","4","8","149","1 cup yellow cherry tomatoes","Yellow Cherry Tomatoes","","true","true"
"Kumato/Brown Tomato","","","Vegetables","Fruiting Vegetables","25","1.2","5.5","0.3","0","1.7","3.8","7","140","1 medium Kumato","Kumato/Brown Tomato","","true","true"
"White Onion","","","Vegetables","Alliums","44","1.2","10","0.1","0","1.9","5","4","110","1 medium white onion","White Onion","","true","true"
"Sweet Onion (Vidalia)","","","Vegetables","Alliums","50","1.4","12","0.1","0","2","7","5","125","1 medium sweet onion","Sweet Onion","","true","true"
"Banana Shallot (2)","","","Vegetables","Alliums","43","1.5","10","0.1","0","2","5","8","60","2 banana shallots","Banana Shallot","","true","true"
"Echalion/French Shallot","","","Vegetables","Alliums","22","0.8","5","0","0","1","2.5","4","30","1 echalion shallot","Echalion/French Shallot","","true","true"
"Pickled Onions (3)","","","Vegetables","Alliums","15","0.4","3.5","0","0","0.5","2","350","45","3 pickled onions","Pickled Onions","","true","true"
"Cipollini Onions (4)","","","Vegetables","Alliums","32","0.9","7.5","0.1","0","1.4","4","3","80","4 cipollini onions","Cipollini Onions","","true","true"
"Butterhead Lettuce (Cup)","","","Vegetables","Leafy Greens","7","0.7","1.2","0.1","0","0.6","0.5","3","55","1 cup butterhead lettuce","Butterhead Lettuce","","true","true"
"Little Gem Lettuce (1 head)","","","Vegetables","Leafy Greens","14","1.2","2.5","0.2","0","1.8","0.9","7","90","1 Little Gem head","Little Gem Lettuce","","true","true"
"Red Leaf Lettuce (Cup)","","","Vegetables","Leafy Greens","4","0.4","0.6","0.1","0","0.3","0.2","8","28","1 cup red leaf lettuce","Red Leaf Lettuce","","true","true"
"Oak Leaf Lettuce (Cup)","","","Vegetables","Leafy Greens","5","0.5","0.9","0.1","0","0.5","0.4","5","36","1 cup oak leaf lettuce","Oak Leaf Lettuce","","true","true"
"Cos/Romaine Heart","","","Vegetables","Leafy Greens","21","1.5","4.1","0.3","0","2.5","1.5","10","125","1 romaine heart","Cos/Romaine Heart","","true","true"
"Lollo Rosso (Large Handful)","","","Vegetables","Leafy Greens","8","0.7","1.4","0.1","0","0.9","0.6","6","50","1 large handful Lollo Rosso","Lollo Rosso","","true","true"
"Button Mushrooms (Cup)","","","Vegetables","Fungi","15","2.2","2","0.2","0","0.7","1.4","4","70","1 cup button mushrooms","Button Mushrooms","","true","true"
"Cremini/Baby Bella Mushrooms (Cup)","","","Vegetables","Fungi","19","1.8","3.3","0.1","0","0.5","1.7","6","72","1 cup cremini mushrooms","Cremini/Baby Bella Mushrooms","","true","true"
"Oyster Mushrooms (Cup)","","","Vegetables","Fungi","28","2.9","5.2","0.3","0","2","0.9","15","86","1 cup oyster mushrooms","Oyster Mushrooms","","true","true"
"King Oyster Mushroom (1 large)","","","Vegetables","Fungi","35","3.3","6","0.4","0","2.2","1","18","100","1 large king oyster","King Oyster Mushroom","","true","true"
"Enoki Mushrooms (Cup)","","","Vegetables","Fungi","24","1.7","5.1","0.2","0","1.8","0","3","65","1 cup enoki mushrooms","Enoki Mushrooms","","true","true"
"Porcini Mushrooms (Dried, 15g)","","","Vegetables","Fungi","39","3.7","6.6","0.5","0.1","4.5","0.3","2","15","15g dried porcini","Porcini Mushrooms","","true","true"
"Maitake Mushrooms (Cup)","","","Vegetables","Fungi","22","1.4","4.9","0.1","0","1.9","1.5","1","70","1 cup maitake mushrooms","Maitake Mushrooms","","true","true"
"Chanterelle Mushrooms (Cup)","","","Vegetables","Fungi","21","1.1","4.2","0.3","0","2.5","1.2","6","54","1 cup chanterelles","Chanterelle Mushrooms","","true","true"
"Morel Mushrooms (Cup)","","","Vegetables","Fungi","20","2.1","3.4","0.2","0","1.8","0","8","66","1 cup morel mushrooms","Morel Mushrooms","","true","true"
"Crown Prince Squash (Cup Cubed)","","","Vegetables","Squash","45","1","12","0.1","0","2","2.5","4","116","1 cup cubed crown prince","Crown Prince Squash","","true","true"
"Delicata Squash (Cup)","","","Vegetables","Squash","40","1","10","0.1","0","2","4","4","116","1 cup delicata squash","Delicata Squash","","true","true"
"Kabocha Squash (Cup)","","","Vegetables","Squash","49","1.8","11","0.1","0","2.7","3.5","4","116","1 cup kabocha squash","Kabocha Squash","","true","true"
"Pattypan Squash (Cup)","","","Vegetables","Squash","18","1.3","3.8","0.2","0","1.2","2.1","2","113","1 cup pattypan squash","Pattypan Squash","","true","true"
"Yellow Squash (Cup)","","","Vegetables","Squash","18","1.2","3.8","0.2","0","1.2","2.3","2","113","1 cup yellow squash","Yellow Squash","","true","true"
"Gem Squash (1 whole)","","","Vegetables","Squash","35","1.1","8","0.1","0","1.8","2.5","3","100","1 gem squash","Gem Squash","","true","true"
