name,brand,barcode,category,calories,protein,carbs,fat,saturated_fat,fiber,sugar,sodium,serving_size_g,serving_description,ingredients,allergens,is_verified
"Semi-Skimmed Milk","Tesco","5000119319487","Dairy",50,3.6,4.8,1.8,1.1,0,4.8,0.05,100,"Per 100ml","Pasteurised Semi-Skimmed MILK","Milk",true
"Whole Milk","Tesco","5000119319494","Dairy",68,3.4,4.7,3.9,2.5,0,4.7,0.04,100,"Per 100ml","Pasteurised Whole MILK","Milk",true
"Skimmed Milk","Tesco","5000119319470","Dairy",35,3.5,5.0,0.1,0.1,0,5.0,0.05,100,"Per 100ml","Pasteurised Skimmed MILK","Milk",true
"British Semi-Skimmed Milk","Sainsbury's","01onal23456","Dairy",50,3.6,4.8,1.8,1.1,0,4.8,0.05,100,"Per 100ml","Pasteurised Semi-Skimmed MILK","Milk",true
"Whole Milk","Cravendale","5010044001234","Dairy",68,3.4,4.7,3.9,2.5,0,4.7,0.04,100,"Per 100ml","Pasteurised Whole MILK (Filtered)","Milk",true
"Dairy Milk","Cadbury","7622210100634","Chocolate",534,7.3,56.5,30.0,17.8,0,56.0,0.18,45,"1 bar (45g)","MILK, Sugar, Cocoa Butter, Cocoa Mass, Vegetable Fats (Palm, Shea), Emulsifiers (E442, E476), Flavourings","Milk, Soya",true
"Dairy Milk Fruit & Nut","Cadbury","7622210100658","Chocolate",490,7.6,52.0,27.0,14.0,2.5,49.0,0.12,49,"1 bar (49g)","Sugar, MILK, Cocoa Butter, Sultanas (14%), Cocoa Mass, ALMONDS (8%), Vegetable Fats, Emulsifiers, Flavourings","Milk, Nuts, Soya",true
"Dairy Milk Caramel","Cadbury","7622210100672","Chocolate",480,5.0,59.0,24.0,14.5,0.5,52.0,0.25,45,"1 bar (45g)","Sugar, MILK, Glucose Syrup, Cocoa Butter, Sweetened Condensed MILK, Cocoa Mass, Vegetable Fats, Palm Fat, Butter, Emulsifiers, Salt, Flavourings","Milk, Soya",true
"Galaxy","Mars","5000159407236","Chocolate",546,6.7,56.2,33.0,20.0,0,55.0,0.15,42,"1 bar (42g)","Sugar, Cocoa Butter, Skimmed MILK Powder, Cocoa Mass, MILK Fat, Lactose, Whey Powder (MILK), Palm Fat, Emulsifier (Soya Lecithin), Natural Vanilla Extract","Milk, Soya",true
"Galaxy Caramel","Mars","5000159407243","Chocolate",491,5.2,58.8,26.0,15.0,0.4,51.0,0.22,48,"1 bar (48g)","Sugar, Glucose Syrup, Cocoa Butter, Skimmed MILK Powder, Palm Fat, Sweetened Condensed MILK, Cocoa Mass, MILK Fat, Lactose, Butter, Emulsifier, Salt, Flavouring","Milk, Soya",true
"KitKat 4 Finger","Nestle","7613034626844","Chocolate",518,6.5,61.0,27.0,14.0,1.5,48.0,0.12,41.5,"1 bar (41.5g)","Sugar, WHEAT Flour, Cocoa Butter, Skimmed MILK Powder, Cocoa Mass, Vegetable Fats, MILK Fat, Emulsifiers, Yeast, Raising Agent, Salt, Flavouring","Milk, Wheat, Soya",true
"KitKat Chunky","Nestle","7613034626851","Chocolate",524,6.0,60.0,29.0,15.0,1.2,50.0,0.10,40,"1 bar (40g)","Sugar, WHEAT Flour, Cocoa Butter, Skimmed MILK Powder, Cocoa Mass, Vegetable Fats, MILK Fat, Emulsifiers, Yeast, Raising Agent, Salt, Flavouring","Milk, Wheat, Soya",true
"Twix","Mars","5000159459228","Chocolate",495,4.4,64.0,24.0,12.0,1.0,46.0,0.20,50,"1 twin bar (50g)","Sugar, Glucose Syrup, WHEAT Flour, Cocoa Butter, Skimmed MILK Powder, MILK Fat, Cocoa Mass, Palm Fat, Lactose, MILK Protein, Salt, BARLEY Malt Extract, Emulsifier, Raising Agent, Natural Flavouring","Milk, Wheat, Barley, Soya",true
"Snickers","Mars","5000159461146","Chocolate",488,8.1,57.0,24.0,8.7,1.5,50.0,0.43,48,"1 bar (48g)","Sugar, PEANUTS, Glucose Syrup, Skimmed MILK Powder, Cocoa Butter, Cocoa Mass, MILK Fat, Palm Fat, Lactose, Whey Powder, Vegetable Fat, Salt, Emulsifier, EGG White Powder, Natural Vanilla Extract","Milk, Peanuts, Egg, Soya",true
"Mars Bar","Mars","5000159407212","Chocolate",449,4.0,69.0,17.0,8.5,0.5,62.0,0.28,51,"1 bar (51g)","Sugar, Glucose Syrup, Skimmed MILK Powder, Cocoa Butter, Sunflower Oil, Cocoa Mass, MILK Fat, Lactose, Whey Powder, Palm Fat, Barley Malt Extract, Salt, Emulsifier, EGG White Powder, Natural Vanilla Extract","Milk, Barley, Egg, Soya",true
"Bounty","Mars","5000159484145","Chocolate",487,3.9,55.0,27.0,22.0,3.5,47.0,0.10,57,"1 twin bar (57g)","Desiccated Coconut (27%), Sugar, Glucose Syrup, Cocoa Butter, Skimmed MILK Powder, Cocoa Mass, MILK Fat, Lactose, Palm Fat, Whey Powder, Emulsifier, Salt, Natural Vanilla Extract","Milk, Soya",true
"Maltesers","Mars","5000159342179","Chocolate",506,8.0,60.0,25.0,15.0,1.5,55.0,0.30,37,"1 bag (37g)","Sugar, Skimmed MILK Powder, Cocoa Butter, BARLEY Malt Extract, Cocoa Mass, WHEAT Flour, MILK Fat, Glucose Syrup, Palm Fat, Lactose, Whey Powder, Vegetable Fat, Emulsifier, Salt, Raising Agent, Natural Vanilla Extract","Milk, Barley, Wheat, Soya",true
"Milky Way","Mars","5000159407182","Chocolate",455,4.2,71.0,17.0,10.0,0.3,63.0,0.18,21.5,"1 bar (21.5g)","Sugar, Glucose Syrup, Skimmed MILK Powder, Cocoa Butter, Cocoa Mass, Sunflower Oil, MILK Fat, Lactose, Whey Powder, Palm Fat, Barley Malt Extract, Salt, Emulsifier, EGG White Powder, Natural Vanilla Extract","Milk, Barley, Egg, Soya",true
"Aero","Nestle","7613034626820","Chocolate",542,7.0,57.0,32.0,19.0,0.5,55.0,0.14,36,"1 bar (36g)","Sugar, Cocoa Butter, Skimmed MILK Powder, Cocoa Mass, MILK Fat, Whey Powder, Vegetable Fat, Emulsifier, Natural Flavouring","Milk, Soya",true
"Aero Mint","Nestle","7613034626837","Chocolate",542,6.8,57.0,31.0,19.0,0.5,55.0,0.12,36,"1 bar (36g)","Sugar, Cocoa Butter, Skimmed MILK Powder, Cocoa Mass, MILK Fat, Whey Powder, Vegetable Fat, Emulsifier, Peppermint Oil, Natural Flavouring","Milk, Soya",true
"Yorkie","Nestle","7613287234568","Chocolate",530,6.0,56.0,31.0,18.0,0.5,54.0,0.15,46,"1 bar (46g)","Sugar, Cocoa Butter, Cocoa Mass, Dried Whole MILK, Whey Powder (MILK), MILK Fat, Emulsifier (Soya Lecithin), Natural Flavouring","Milk, Soya",true
"Crunchie","Cadbury","7622210100696","Chocolate",485,3.5,72.0,20.0,12.0,0,59.0,0.40,40,"1 bar (40g)","Sugar, Glucose Syrup, MILK Chocolate (Sugar, MILK, Cocoa Butter, Cocoa Mass, Vegetable Fats, Emulsifiers, Flavourings), Raising Agent","Milk, Soya",true
"Double Decker","Cadbury","7622210100719","Chocolate",465,4.8,63.0,21.0,11.0,1.0,53.0,0.28,54.5,"1 bar (54.5g)","Sugar, Glucose Syrup, WHEAT Flour, Cocoa Butter, Dried Skimmed MILK, Cocoa Mass, Vegetable Fats, Dried Whey (MILK), Raisins, MILK Fat, Raising Agents, Salt, Emulsifiers, Flavourings","Milk, Wheat, Soya",true
"Wispa","Cadbury","7622210100757","Chocolate",535,7.5,55.0,31.0,18.5,0,54.0,0.20,36,"1 bar (36g)","MILK, Sugar, Cocoa Butter, Cocoa Mass, Vegetable Fats, Emulsifiers, Flavourings","Milk, Soya",true
"Fudge","Cadbury","7622210100764","Chocolate",450,3.5,68.0,18.0,10.0,0,58.0,0.35,25.5,"1 bar (25.5g)","Sugar, Glucose Syrup, Sweetened Condensed MILK, Cocoa Butter, Vegetable Fats, Cocoa Mass, Palm Fat, Skimmed MILK Powder, Salt, Emulsifiers, Flavourings","Milk, Soya",true
"Curly Wurly","Cadbury","7622210100771","Chocolate",440,4.5,66.0,17.0,10.0,0,56.0,0.30,26,"1 bar (26g)","Glucose Syrup, Sugar, MILK Chocolate (Sugar, Cocoa Butter, Dried Skimmed MILK, Cocoa Mass, Vegetable Fats, MILK Fat, Emulsifiers, Flavourings), Sweetened Condensed MILK, Palm Fat, Salt, Emulsifier","Milk, Soya",true
"Chicken Breast Fillets","Tesco","5057545123456","Meat",106,24.0,0,1.1,0.3,0,0,0.07,100,"Per 100g","Chicken Breast","None",true
"Chicken Thighs Boneless","Tesco","5057545123463","Meat",177,18.0,0,12.0,3.2,0,0,0.09,100,"Per 100g","Chicken Thigh","None",true
"Beef Mince 5% Fat","Tesco","5057545123470","Meat",137,21.0,0,6.0,2.5,0,0,0.06,100,"Per 100g","Beef","None",true
"Beef Mince 20% Fat","Tesco","5057545123487","Meat",246,17.0,0,20.0,8.5,0,0,0.07,100,"Per 100g","Beef","None",true
"Pork Mince 5% Fat","Tesco","5057545123494","Meat",130,21.0,0,5.0,1.8,0,0,0.05,100,"Per 100g","Pork","None",true
"Lamb Mince 20% Fat","Tesco","5057545123500","Meat",274,16.0,0,23.0,10.0,0,0,0.07,100,"Per 100g","Lamb","None",true
"British Chicken Breast","Sainsbury's","01880071234567","Meat",106,24.0,0,1.1,0.3,0,0,0.07,100,"Per 100g","Chicken Breast","None",true
"Beef Sirloin Steak","Tesco","5057545123517","Meat",206,21.0,0,14.0,5.5,0,0,0.05,225,"1 steak (225g)","Beef Sirloin","None",true
"Pork Loin Steaks","Tesco","5057545123524","Meat",147,22.0,0,6.5,2.3,0,0,0.05,130,"1 steak (130g)","Pork Loin","None",true
"Bacon Rashers Smoked","Tesco","5057545123531","Meat",215,16.0,0,17.0,6.5,0,0,1.50,100,"Per 100g","Pork, Salt, Preservatives (Sodium Nitrite, Potassium Nitrate), Antioxidant (Sodium Ascorbate)","None",true
"Bacon Rashers Unsmoked","Tesco","5057545123548","Meat",215,16.0,0,17.0,6.5,0,0,1.40,100,"Per 100g","Pork, Salt, Preservatives (Sodium Nitrite, Potassium Nitrate), Antioxidant (Sodium Ascorbate)","None",true
"Pork Sausages","Richmond","5000157012345","Meat",260,11.0,12.0,19.0,7.0,1.0,1.5,0.90,75,"2 sausages (75g)","Pork (42%), Water, WHEAT Flour, WHEAT Starch, Salt, Dextrose, Spice Extracts, Preservatives, Antioxidants","Wheat, Sulphites",true
"Cumberland Sausages","Tesco","5057545123555","Meat",280,12.0,8.0,22.0,8.0,0.5,1.0,0.85,100,"Per 100g","Pork (65%), Water, Rusk (WHEAT), Salt, Herbs, Spices, Preservatives","Wheat, Sulphites",true
"Gold Whey Protein","Optimum Nutrition","748927028232","Sports Nutrition",120,24.0,3.0,1.5,0.5,0,1.0,0.13,32,"1 scoop (32g)","Protein Blend (Whey Protein Isolate, Whey Protein Concentrate, Whey Peptides), Lecithin, Natural and Artificial Flavour, Salt, Sucralose, Acesulfame Potassium","Milk, Soya",true
"Impact Whey Protein","Myprotein","5055534300459","Sports Nutrition",103,21.0,1.0,1.9,1.2,0,1.0,0.05,25,"1 scoop (25g)","Whey Protein Concentrate (MILK) (96%), Emulsifier (Soya Lecithin), Flavouring, Sweetener (Sucralose)","Milk, Soya",true
"Clear Whey Isolate","Myprotein","5055534300466","Sports Nutrition",84,20.0,0.3,0,0,0,0,0.02,25,"1 scoop (25g)","Hydrolysed Whey Protein Isolate (MILK) (91%), Acid (Citric Acid), Flavouring, Sweetener (Sucralose), Colour (Beta Carotene)","Milk",true
"Serious Mass","Optimum Nutrition","748927023589","Sports Nutrition",1263,50.0,253.0,4.5,2.0,3.0,21.0,0.55,334,"1 serving (334g)","Maltodextrin, Protein Blend (Whey Protein Concentrate, Calcium Caseinate, Egg Albumin, Sweet Dairy Whey), Cocoa (Processed with Alkali), Natural and Artificial Flavours, Vitamin and Mineral Blend","Milk, Egg, Soya",true
"Diet Whey","PhD Nutrition","5060161702453","Sports Nutrition",95,17.0,4.5,1.3,0.8,2.0,1.5,0.10,25,"1 scoop (25g)","Whey Protein Concentrate (MILK), Soya Protein Isolate, Milk Protein, Flaxseed Powder, Inulin, CLA Powder, Green Tea Extract, L-Carnitine L-Tartrate, Flavouring, Sweetener","Milk, Soya",true
"Skyr","Arla","5760466743891","Dairy",63,11.0,4.0,0.2,0.1,0,3.5,0.05,150,"1 pot (150g)","Skimmed MILK, Cultures","Milk",true
"Greek Style Yogurt 0% Fat","Fage","5201054019894","Dairy",57,10.3,4.0,0,0,0,4.0,0.05,170,"1 pot (170g)","Strained Yogurt (Pasteurised Skimmed MILK, Live Active Yogurt Cultures)","Milk",true
"Greek Style Yogurt 2% Fat","Fage","5201054019900","Dairy",73,9.0,4.0,2.0,1.4,0,4.0,0.05,170,"1 pot (170g)","Strained Yogurt (Pasteurised Skimmed MILK, Pasteurised Cream, Live Active Yogurt Cultures)","Milk",true
"Greek Style Yogurt 5% Fat","Fage","5201054019917","Dairy",97,9.0,4.0,5.0,3.5,0,4.0,0.05,170,"1 pot (170g)","Strained Yogurt (Pasteurised Skimmed MILK, Pasteurised Cream, Live Active Yogurt Cultures)","Milk",true
"Yeo Valley Natural Yogurt","Yeo Valley","5011167000123","Dairy",79,4.6,5.8,4.5,2.8,0,5.8,0.09,150,"1 pot (150g)","Organic Whole MILK, Organic Skimmed Milk Powder, Live Cultures","Milk",true
"Muller Corner Strawberry","Muller","4025500135751","Dairy",135,5.5,20.0,3.5,2.3,0.3,17.0,0.10,143,"1 pot (143g)","Low Fat Yogurt (Skimmed MILK, Cream, Skimmed Milk Powder, Cultures), Strawberry Compote (14%) (Strawberries, Sugar, Maize Starch, Colour, Flavouring)","Milk",true
"Muller Light Strawberry","Muller","4025500135768","Dairy",75,5.5,11.0,0.1,0.1,0.3,10.0,0.08,175,"1 pot (175g)","Fat Free Yogurt (Skimmed MILK, Skimmed Milk Powder, Cultures), Strawberry Fruit Preparation (10%) (Strawberries, Fructose Syrup, Maize Starch, Flavouring, Sweetener)","Milk",true
"Activia Strawberry","Danone","3033490594114","Dairy",82,4.4,12.5,1.8,1.1,0.4,11.0,0.08,120,"1 pot (120g)","Yogurt (MILK), Strawberry Preparation (Strawberries, Sugar, Modified Maize Starch, Colour, Flavouring), Sugar, Skimmed Milk Powder, Cream, Milk Proteins, Bifidus ActiRegularis Cultures","Milk",true
"Philadelphia Original","Philadelphia","7622210588401","Dairy",250,5.5,4.0,24.0,16.0,0,4.0,0.50,30,"1 serving (30g)","MILK, Cream, MILK Protein, Salt, Stabilisers (Carob Bean Gum, Xanthan Gum), Potassium Sorbate, Lactic Acid Culture","Milk",true
"Philadelphia Light","Philadelphia","7622210588418","Dairy",165,8.0,5.0,13.0,8.5,0,4.5,0.60,30,"1 serving (30g)","Skimmed MILK, Cream, MILK Protein, Salt, Stabilisers, Potassium Sorbate, Lactic Acid Culture","Milk",true
"Cathedral City Mature Cheddar","Cathedral City","5000157023456","Dairy",416,25.0,0.1,35.0,22.0,0,0.1,1.80,30,"1 portion (30g)","MILK, Salt, Rennet, Cultures, Colour (Annatto)","Milk",true
"Cathedral City Extra Mature Cheddar","Cathedral City","5000157023463","Dairy",416,25.5,0.1,35.0,22.0,0,0.1,1.80,30,"1 portion (30g)","MILK, Salt, Rennet, Cultures, Colour (Annatto)","Milk",true
"Mild Cheddar","Tesco","5057545123562","Dairy",402,24.0,0.5,33.0,21.0,0,0.5,1.70,30,"1 portion (30g)","Pasteurised MILK, Salt, Starter Culture, Rennet, Colour (Annatto)","Milk",true
"Red Leicester","Tesco","5057545123579","Dairy",401,24.0,0.1,33.0,21.0,0,0.1,1.70,30,"1 portion (30g)","Pasteurised MILK, Salt, Starter Culture, Rennet, Colours (Annatto, Paprika Extract)","Milk",true
"Hovis Best of Both","Hovis","5010003002367","Bread",235,9.3,42.0,2.3,0.5,5.0,3.5,0.45,44,"1 slice (44g)","WHEAT Flour with Calcium, Iron, Niacin and Thiamin, Water, WHEAT Protein, Yeast, Salt, WHEAT Fibre, Preservative, Flour Treatment Agent, Emulsifier","Wheat",true
"Warburtons Toastie","Warburtons","5010044001341","Bread",237,9.0,43.0,2.8,0.6,3.0,3.8,0.50,47,"1 slice (47g)","WHEAT Flour (WHEAT Flour, Calcium Carbonate, Iron, Niacin, Thiamin), Water, Yeast, Salt, Soya Flour, Vegetable Oil, Emulsifiers, Flour Treatment Agent","Wheat, Soya",true
"Warburtons Seeded Batch","Warburtons","5010044001358","Bread",252,10.0,36.0,6.5,0.8,4.5,3.0,0.50,47,"1 slice (47g)","WHEAT Flour, Water, Mixed Seeds (11%) (Sunflower Seeds, Linseed, Millet, Poppy Seeds), Yeast, Salt, WHEAT Protein, SOYA Flour, Vegetable Oil, Emulsifiers, Flour Treatment Agent","Wheat, Soya, Sesame",true
"Kingsmill 50/50","Kingsmill","5010003002374","Bread",224,9.0,40.0,2.4,0.5,4.0,3.2,0.48,44,"1 slice (44g)","WHEAT Flour with Calcium, Iron, Niacin and Thiamin, Water, Wholemeal WHEAT Flour (23%), WHEAT Protein, Yeast, Salt, Soya Flour, Vegetable Oil, Emulsifiers","Wheat, Soya",true
"Hovis Wholemeal","Hovis","5010003002381","Bread",220,10.0,36.0,2.5,0.5,6.5,3.0,0.45,44,"1 slice (44g)","Wholemeal WHEAT Flour with Calcium, Iron, Niacin and Thiamin (100%), Water, Yeast, Salt, Vegetable Oil, Emulsifier, Flour Treatment Agent","Wheat",true
"Walkers Ready Salted","Walkers","5000328024615","Crisps",535,6.0,53.0,33.0,2.6,4.5,0.5,0.54,25,"1 bag (25g)","Potatoes, Sunflower Oil, Rapeseed Oil, Salt","None",true
"Walkers Cheese & Onion","Walkers","5000328024622","Crisps",530,6.0,52.0,33.0,2.6,4.0,2.5,0.70,25,"1 bag (25g)","Potatoes, Sunflower Oil, Rapeseed Oil, Cheese & Onion Seasoning (Flavouring, Dried Onion, Cheese Powder (MILK), Dried Whey (MILK), Sugar, Citric Acid, Colour)","Milk",true
"Walkers Salt & Vinegar","Walkers","5000328024639","Crisps",531,5.5,52.0,33.0,2.6,4.0,1.0,0.80,25,"1 bag (25g)","Potatoes, Sunflower Oil, Rapeseed Oil, Salt & Vinegar Seasoning (Flavouring, Dried Glucose Syrup, Salt, Citric Acid, Potassium Chloride)","None",true
"Walkers Prawn Cocktail","Walkers","5000328024646","Crisps",531,5.5,52.0,33.0,2.6,4.0,2.0,0.65,25,"1 bag (25g)","Potatoes, Sunflower Oil, Rapeseed Oil, Prawn Cocktail Seasoning (Flavouring, Sugar, Tomato Powder, Citric Acid, Colour, Potassium Chloride)","Crustaceans",true
"Doritos Cool Original","Doritos","5000328080628","Crisps",498,6.0,60.0,25.0,2.5,3.0,2.5,0.75,40,"1 bag (40g)","Corn, Vegetable Oils, Cool Original Seasoning (Flavouring, Buttermilk Powder (MILK), Salt, Cheese Powder (MILK), Dried Onion, Dried Garlic, Whey Powder (MILK), Sugar)","Milk",true
"Doritos Chilli Heatwave","Doritos","5000328080635","Crisps",502,6.0,59.0,26.0,2.5,3.0,3.0,0.70,40,"1 bag (40g)","Corn, Vegetable Oils, Chilli Heatwave Seasoning (Sugar, Flavouring, Salt, Tomato Powder, Onion Powder, Colour, Citric Acid, Chilli Powder)","None",true
"Pringles Original","Pringles","5053990101528","Crisps",520,4.0,52.0,32.0,3.0,3.0,0.5,0.55,40,"1 serving (40g)","Dehydrated Potatoes (42%), Vegetable Oils (Sunflower, Corn), WHEAT Starch, Corn Flour, Rice Flour, Emulsifier, Salt","Wheat",true
"Pringles Sour Cream & Onion","Pringles","5053990101535","Crisps",518,4.5,52.0,32.0,3.5,3.0,3.0,0.85,40,"1 serving (40g)","Dehydrated Potatoes, Vegetable Oils, WHEAT Starch, Rice Flour, Corn Flour, Sour Cream & Onion Seasoning (Flavourings, Sour Cream Powder (MILK), Dried Onion, Dried Garlic, Salt)","Wheat, Milk",true
"Coca-Cola Classic","Coca-Cola","5449000000996","Soft Drinks",42,0,10.6,0,0,0,10.6,0,330,"1 can (330ml)","Carbonated Water, Sugar, Colour (Caramel E150d), Phosphoric Acid, Natural Flavourings including Caffeine","None",true
"Diet Coke","Coca-Cola","5449000050205","Soft Drinks",1,0,0,0,0,0,0,0,330,"1 can (330ml)","Carbonated Water, Colour (Caramel E150d), Sweeteners (Aspartame, Acesulfame K), Natural Flavourings including Caffeine, Phosphoric Acid, Citric Acid","None",true
"Coca-Cola Zero Sugar","Coca-Cola","5449000131805","Soft Drinks",1,0,0,0,0,0,0,0,330,"1 can (330ml)","Carbonated Water, Colour (Caramel E150d), Phosphoric Acid, Sweeteners (Aspartame, Acesulfame K), Natural Flavourings including Caffeine, Acidity Regulator","None",true
"Pepsi Max","Pepsi","5000112611274","Soft Drinks",1,0,0,0,0,0,0,0,330,"1 can (330ml)","Carbonated Water, Colour (Caramel E150d), Sweeteners (Aspartame, Acesulfame K), Acids (Phosphoric Acid, Citric Acid), Flavourings including Caffeine","None",true
"Fanta Orange","Fanta","5449000011527","Soft Drinks",19,0,4.6,0,0,0,4.5,0,330,"1 can (330ml)","Carbonated Water, Sugar, Orange Juice from Concentrate (3.7%), Citric Acid, Vegetable Extracts (Carrot, Pumpkin), Sweeteners (Acesulfame K, Sucralose), Natural Orange Flavouring, Stabiliser, Antioxidant","None",true
"Sprite","Sprite","5449000014535","Soft Drinks",22,0,5.3,0,0,0,5.3,0,330,"1 can (330ml)","Carbonated Water, Sugar, Citric Acid, Sweeteners (Acesulfame K, Aspartame), Acidity Regulator, Natural Lemon and Lime Flavourings","None",true
"Lucozade Energy Orange","Lucozade","5000112547955","Soft Drinks",46,0,11.0,0,0,0,11.0,0.01,380,"1 bottle (380ml)","Carbonated Water, Glucose Syrup, Citric Acid, Lactic Acid, Flavouring, Preservative, Caffeine, Antioxidant, Colours","None",true
"Lucozade Sport Orange","Lucozade","5000112542028","Soft Drinks",28,0,6.4,0,0,0,4.5,0.05,500,"1 bottle (500ml)","Water, Glucose Syrup, Citric Acid, Acidity Regulator, Stabiliser, Preservative, Antioxidant, Sweeteners, Flavourings, Colours, Vitamins","None",true
"Red Bull Energy Drink","Red Bull","90162800040","Soft Drinks",45,0,11.0,0,0,0,11.0,0.10,250,"1 can (250ml)","Carbonated Water, Sucrose, Glucose, Citric Acid, Taurine, Sodium Bicarbonate, Magnesium Carbonate, Caffeine, Niacinamide, Calcium Pantothenate, Pyridoxine HCl, Vitamin B12, Natural and Artificial Flavours, Colours","None",true
"Red Bull Sugar Free","Red Bull","90162800057","Soft Drinks",3,0,0,0,0,0,0,0.10,250,"1 can (250ml)","Carbonated Water, Citric Acid, Taurine, Acidity Regulators, Caffeine, Sweeteners (Aspartame, Acesulfame K), Vitamins, Natural and Artificial Flavours, Colours","None",true
"Monster Energy Original","Monster","5060517880187","Soft Drinks",47,0,11.0,0,0,0,11.0,0.18,500,"1 can (500ml)","Carbonated Water, Sugar, Glucose Syrup, Citric Acid, Taurine, Sodium Citrate, L-Carnitine L-Tartrate, Caffeine, Sorbic Acid, Benzoic Acid, Niacinamide, Sucralose, Salt, Inositol, Guarana Extract, Pyridoxine HCl, Riboflavin, Cyanocobalamin, Flavourings, Colours","None",true
"Monster Ultra White","Monster","5060517880194","Soft Drinks",3,0,0,0,0,0,0,0.18,500,"1 can (500ml)","Carbonated Water, Citric Acid, Erythritol, Taurine, Sodium Citrate, Caffeine, Sucralose, Sorbic Acid, Benzoic Acid, L-Carnitine L-Tartrate, Niacinamide, Acesulfame K, Inositol, Guarana Extract, Pyridoxine HCl, Riboflavin, Cyanocobalamin, Flavourings","None",true
"Heinz Baked Beans","Heinz","5000157024156","Canned Goods",79,4.7,12.0,0.2,0,3.7,4.8,0.50,200,"1/2 can (200g)","Beans (51%), Tomatoes (34%), Water, Sugar, Spirit Vinegar, Modified Cornflour, Salt, Spice Extracts, Herb Extract","None",true
"Heinz Baked Beans Reduced Sugar","Heinz","5000157024163","Canned Goods",73,4.9,10.0,0.2,0,3.7,2.8,0.50,200,"1/2 can (200g)","Beans (51%), Tomatoes (34%), Water, Modified Cornflour, Salt, Spirit Vinegar, Sweetener (Steviol Glycosides), Spice Extracts, Herb Extract","None",true
"Heinz Cream of Tomato Soup","Heinz","5000157025689","Canned Goods",56,0.9,8.6,2.0,0.8,0.7,6.2,0.35,200,"1/2 can (200g)","Tomatoes (89%), Water, Sugar, Modified Cornflour, Rapeseed Oil, Dried Skimmed MILK, Salt, Cream (MILK), Milk Proteins, Acidity Regulator, Spice Extracts, Paprika","Milk",true
"Heinz Tomato Ketchup","Heinz","5000157053134","Condiments",115,1.3,26.0,0.1,0,0.2,23.0,1.35,100,"Per 100g","Tomatoes (148g per 100g Ketchup), Spirit Vinegar, Sugar, Salt, Spice and Herb Extracts (contains CELERY), Spice","Celery",true
"HP Brown Sauce","HP","5000111014765","Condiments",115,1.0,26.0,0.3,0,0.8,22.0,1.00,100,"Per 100g","Tomatoes (26%), Spirit Vinegar, Molasses, Glucose-Fructose Syrup, Sugar, Dates (7%), Modified Cornflour, Rye Flour, Salt, Spices, Flavourings, Tamarind","Gluten",true
"Branston Pickle","Branston","5010038141237","Condiments",105,0.4,25.0,0.2,0,0.8,20.0,1.25,100,"Per 100g","Vegetables in Variable Proportions (Carrot, Swede, Onion) (47%), Sugar, Malt Vinegar (from BARLEY), Tomato Paste, Salt, Apple, Dates, Spirit Vinegar, Modified Cornflour, Colour, Spices","Barley",true
"Colmans English Mustard","Colman's","5000157011237","Condiments",170,8.5,10.0,10.0,0.5,3.5,6.0,2.20,100,"Per 100g","Water, MUSTARD Flour (37%), Sugar, Salt, WHEAT Flour, Turmeric, Citric Acid","Mustard, Wheat",true
"Hellmann's Real Mayonnaise","Hellmann's","8712566186006","Condiments",721,1.1,1.2,79.0,6.1,0,0.9,0.80,100,"Per 100g","Rapeseed Oil (78%), Water, Free Range EGG Yolk (7.9%), Spirit Vinegar, Salt, Sugar, Lemon Juice Concentrate, Antioxidant (Calcium Disodium EDTA), Flavouring, Paprika Extract","Egg",true
"Hellmann's Light Mayonnaise","Hellmann's","8712566186013","Condiments",301,0.8,5.7,30.0,2.5,0.5,2.8,0.95,100,"Per 100g","Water, Rapeseed Oil (28%), Spirit Vinegar, Modified Cornflour, Free Range EGG Yolk (3%), Sugar, Salt, Lemon Juice Concentrate, Flavouring, Stabiliser (Xanthan Gum), Calcium Disodium EDTA, Paprika Extract","Egg",true
"Weetabix","Weetabix","5010029200034","Breakfast Cereal",362,11.5,69.0,2.0,0.5,10.0,4.4,0.27,38,"2 biscuits (38g)","Wholegrain WHEAT (95%), Malted BARLEY Extract, Sugar, Salt, Niacin, Iron, Riboflavin, Thiamin, Folic Acid","Wheat, Barley",true
"Shreddies Original","Nestle","7613035010819","Breakfast Cereal",357,9.5,72.0,1.9,0.5,10.5,11.0,0.38,40,"1 serving (40g)","Wholegrain WHEAT (89%), Sugar, Invert Sugar Syrup, Malted BARLEY Extract, BARLEY Malt Flavouring, Salt, Vitamins and Minerals","Wheat, Barley",true
"Cheerios","Nestle","7613034265715","Breakfast Cereal",374,8.2,73.0,3.7,0.7,6.9,20.0,0.60,30,"1 serving (30g)","Whole Grain OAT (40%), Whole Grain WHEAT (21%), Sugar, Maize Starch, Oat Fibre, Salt, Barley Malt Extract, Maize Flour, Vitamins and Minerals","Oat, Wheat, Barley",true
"Crunchy Nut Cornflakes","Kellogg's","5050083108419","Breakfast Cereal",398,6.0,80.0,4.0,0.5,2.5,35.0,0.68,30,"1 serving (30g)","Maize, Sugar, PEANUTS (6%), Honey (3%), BARLEY Malt Flavouring, Salt, Molasses, Vitamins and Minerals","Peanuts, Barley, Nuts",true
"Special K Original","Kellogg's","5050083108457","Breakfast Cereal",379,14.0,75.0,1.5,0.3,2.5,17.0,0.70,30,"1 serving (30g)","Rice, WHEAT Gluten, Sugar, Defatted WHEAT Germ, WHEAT Bran, Salt, BARLEY Malt Flavouring, Vitamins and Minerals","Wheat, Barley",true
"Corn Flakes","Kellogg's","5050083108464","Breakfast Cereal",378,7.0,84.0,0.9,0.2,3.0,8.0,1.13,30,"1 serving (30g)","Maize, Sugar, Salt, BARLEY Malt Flavouring, Vitamins and Minerals","Barley",true
"Frosties","Kellogg's","5050083108471","Breakfast Cereal",377,4.5,87.0,0.6,0.1,2.0,37.0,0.60,30,"1 serving (30g)","Maize, Sugar (37%), Salt, Vitamins and Minerals","None",true
"Rice Krispies","Kellogg's","5050083108488","Breakfast Cereal",383,6.0,87.0,1.0,0.2,1.0,10.0,0.85,30,"1 serving (30g)","Rice, Sugar, Salt, BARLEY Malt Flavouring, Vitamins and Minerals","Barley",true
"Coco Pops","Kellogg's","5050083108495","Breakfast Cereal",385,4.5,85.0,2.5,1.0,2.5,35.0,0.53,30,"1 serving (30g)","Rice (67%), Sugar, Cocoa (4%), Glucose Syrup, Salt, BARLEY Malt Flavouring, Flavouring, Vitamins and Minerals","Barley, Milk",true
"Porridge Oats","Quaker","5000108034117","Breakfast Cereal",372,11.0,60.0,8.0,1.5,9.0,1.0,0.01,40,"1 serving (40g)","100% Wholegrain Rolled OATS","Oat, may contain Wheat, Barley",true
"Quaker Oat So Simple Original","Quaker","5000108075981","Breakfast Cereal",366,11.0,58.0,8.0,1.5,9.0,0.5,0.30,36,"1 sachet (36g)","Wholegrain OAT Flakes (91%), Calcium Carbonate, Salt, Vitamins","Oat",true
"Quaker Oat So Simple Golden Syrup","Quaker","5000108075998","Breakfast Cereal",377,9.5,62.0,6.5,1.2,7.0,14.0,0.35,36,"1 sachet (36g)","Wholegrain OAT Flakes (77%), Sugar, Flavouring, Calcium Carbonate, Salt, Vitamins","Oat",true
"Eggs Free Range Large","Tesco","5057545123586","Eggs",131,12.6,0,9.0,2.5,0,0,0.14,100,"Per 100g (2 eggs)","Free Range Eggs","Egg",true
"Eggs Free Range Medium","Tesco","5057545123593","Eggs",131,12.6,0,9.0,2.5,0,0,0.14,100,"Per 100g (2 eggs)","Free Range Eggs","Egg",true
"British Lion Eggs Large","Happy Egg Co","5020580012345","Eggs",131,12.6,0,9.0,2.5,0,0,0.14,63,"1 large egg (63g)","Free Range Eggs","Egg",true
"Lurpak Butter Slightly Salted","Lurpak","5740900404012","Dairy",744,0.5,0.6,82.0,54.0,0,0.6,0.90,10,"1 serving (10g)","BUTTER (MILK), Salt","Milk",true
"Lurpak Spreadable","Lurpak","5740900404029","Dairy",729,0.4,0.6,80.0,47.0,0,0.5,0.70,10,"1 serving (10g)","BUTTER (MILK) (64%), Rapeseed Oil, Water, Salt, Lactic Acid Culture","Milk",true
"Anchor Butter","Anchor","5010024005122","Dairy",744,0.6,0.6,82.0,53.0,0,0.6,1.00,10,"1 serving (10g)","Butter (MILK) (Lactic Butter), Salt","Milk",true
"Flora Original","Flora","8722700001232","Spreads",631,0,1.0,70.0,14.0,0,0.5,0.68,10,"1 serving (10g)","Vegetable Oils (Rapeseed, Palm, Sunflower) in Varying Proportions, Water, Salt, Emulsifier, Preservative, Lactic Acid, Natural Flavouring, Vitamins A and D, Colour","Milk",true
"Utterly Butterly","St Ivel","5020380123456","Spreads",544,0.3,0.5,60.0,16.0,0,0.5,0.75,10,"1 serving (10g)","Vegetable Oils (Palm, Rapeseed), Water, Buttermilk (10%), Salt, Emulsifier, Preservative, Flavouring, Colour, Vitamins A and D","Milk",true
"Nutella","Ferrero","8000500037560","Spreads",539,6.0,57.5,31.0,11.0,0,56.0,0.04,15,"1 serving (15g)","Sugar, Palm Oil, HAZELNUTS (13%), Fat-Reduced Cocoa, Skimmed MILK Powder (8.7%), Emulsifier (Lecithins (SOYA)), Vanillin","Milk, Hazelnuts, Soya",true
"Marmite","Marmite","5000157004031","Spreads",241,34.0,18.0,0.2,0,1.5,1.2,10.80,4,"1 serving (4g)","Yeast Extract, Salt, Vegetable Extract, Vitamins (Thiamin, Riboflavin, Niacin, Vitamin B12, Folic Acid)","Gluten",true
"Belvita Breakfast Biscuits Milk & Cereals","Belvita","7622210449283","Biscuits",449,7.5,67.0,16.0,2.0,3.5,22.0,0.50,50,"1 pack (50g)","Cereals 58% (WHEAT Flour, Wholegrain WHEAT Flour, Wholegrain OAT Flour, Wholegrain RYE Flour, Wholegrain BARLEY Flour), Sugar, Vegetable Oils, Whole MILK Powder 4%, Invert Sugar Syrup, Raising Agents, WHEAT Starch, WHEAT Gluten, Salt, Skimmed MILK Powder, Emulsifier, Natural Flavouring","Wheat, Milk, Oat, Rye, Barley",true
"McVitie's Digestive","McVitie's","5000168212623","Biscuits",478,6.7,62.0,21.5,9.8,3.5,16.5,0.72,30,"2 biscuits (30g)","WHEAT Flour, Vegetable Oil, Sugar, Wholemeal WHEAT Flour, Raising Agents, Salt, Dried Skimmed MILK","Wheat, Milk",true
"McVitie's Chocolate Digestive","McVitie's","5000168212630","Biscuits",493,6.3,60.0,24.0,12.5,2.9,28.0,0.53,34,"2 biscuits (34g)","WHEAT Flour, Milk Chocolate (29%), Sugar, Vegetable Oil, Wholemeal WHEAT Flour, Raising Agents, Salt","Wheat, Milk, Soya",true
"McVitie's Hobnobs","McVitie's","5000168212647","Biscuits",475,7.5,58.0,23.0,10.0,6.0,21.0,0.63,31,"2 biscuits (31g)","OAT Flour, Vegetable Oil, Sugar, WHEAT Flour, Golden Syrup, Raising Agents, Salt","Oat, Wheat",true
"McVitie's Chocolate Hobnobs","McVitie's","5000168212654","Biscuits",495,6.5,57.0,26.0,13.0,5.0,27.0,0.45,35,"2 biscuits (35g)","OAT Flour, Milk Chocolate (28%), Sugar, Vegetable Oil, WHEAT Flour, Golden Syrup, Raising Agents, Salt","Oat, Wheat, Milk, Soya",true
"McVitie's Rich Tea","McVitie's","5000168212661","Biscuits",453,7.5,73.0,14.0,6.5,2.5,18.0,0.65,25,"3 biscuits (25g)","WHEAT Flour, Sugar, Vegetable Oil, Partially Inverted Sugar Syrup, Raising Agents, Salt","Wheat",true
"McVitie's Jaffa Cakes","McVitie's","5000168212678","Biscuits",377,4.8,70.0,8.0,4.0,1.2,54.0,0.23,24.4,"2 cakes (24.4g)","Sugar, WHEAT Flour, Glucose-Fructose Syrup, Whole EGG, Orange Juice from Concentrate (4%), Vegetable Oils, Cocoa Mass, Humectant, Cocoa Butter, Raising Agents, Emulsifiers, Acidity Regulator, Flavouring","Wheat, Egg, Milk",true
"Oreo Original","Oreo","7622210100795","Biscuits",480,4.5,69.0,20.0,6.0,2.5,38.0,0.48,42,"4 cookies (42g)","WHEAT Flour, Sugar, Vegetable Fats and Oils, Fat Reduced Cocoa Powder, WHEAT Starch, Glucose-Fructose Syrup, Raising Agents, Salt, Emulsifiers, Flavouring","Wheat",true
"Custard Creams","Tesco","5057545123600","Biscuits",487,5.0,67.0,22.0,11.0,1.5,30.0,0.40,25,"3 biscuits (25g)","WHEAT Flour, Sugar, Vegetable Oil, Custard Flavour Cream, Raising Agents, Salt, Flavouring, Colours","Wheat",true
"Bourbon Creams","Tesco","5057545123617","Biscuits",478,5.5,66.0,21.0,10.5,2.5,32.0,0.50,27,"3 biscuits (27g)","WHEAT Flour, Sugar, Vegetable Oil, Fat Reduced Cocoa Powder, Glucose-Fructose Syrup, Raising Agents, Salt, Flavouring","Wheat",true
"Party Rings","Fox's","5010026512345","Biscuits",474,4.0,74.0,17.0,8.5,1.0,40.0,0.45,25,"3 biscuits (25g)","WHEAT Flour, Sugar, Vegetable Oils, Glucose Syrup, Salt, Raising Agents, Colours, Flavouring","Wheat",true
"Jammie Dodgers","Burton's","5010026123456","Biscuits",464,4.5,73.0,16.0,8.0,1.5,39.0,0.38,28,"2 biscuits (28g)","WHEAT Flour, Sugar, Vegetable Oils, Glucose-Fructose Syrup, Raspberry Jam (5%), Raising Agents, Salt, Flavouring, Colours","Wheat",true
"Maryland Chocolate Chip Cookies","Maryland","5010026234567","Biscuits",493,5.5,63.0,24.0,12.0,2.0,30.0,0.40,30,"2 cookies (30g)","WHEAT Flour, Sugar, Vegetable Oils, Chocolate Chips (11%), Glucose-Fructose Syrup, Raising Agents, Salt, Emulsifiers, Flavouring","Wheat, Milk, Soya",true
"Crumpets","Warburtons","5010044001365","Bread",169,6.5,32.0,0.8,0.2,1.5,2.0,0.90,65,"1 crumpet (65g)","WHEAT Flour, Water, Yeast, Sugar, Salt, Raising Agent, Preservative","Wheat",true
"English Muffins","Warburtons","5010044001372","Bread",227,9.0,43.0,1.8,0.4,3.0,4.0,0.50,67,"1 muffin (67g)","WHEAT Flour, Water, Yeast, Sugar, WHEAT Fibre, Salt, Preservative, Flour Treatment Agent","Wheat",true
"Brioche Rolls","Tesco","5057545123624","Bread",369,9.0,50.0,14.0,8.0,2.0,12.0,0.55,50,"1 roll (50g)","WHEAT Flour, Sugar, BUTTER (MILK), EGGS, Yeast, MILK, Salt, Emulsifier","Wheat, Milk, Egg",true
"Bagels Plain","New York Bakery","5011278012345","Bread",262,9.0,51.0,1.5,0.3,2.5,5.0,0.50,90,"1 bagel (90g)","WHEAT Flour, Water, Sugar, WHEAT Gluten, Yeast, Salt, Vegetable Oil, Emulsifier","Wheat",true
"Pitta Bread White","Tesco","5057545123631","Bread",255,8.5,50.0,1.2,0.2,2.5,2.0,0.55,60,"1 pitta (60g)","WHEAT Flour, Water, Yeast, Salt, Sugar, Vegetable Oil","Wheat",true
"Naan Bread Plain","Tesco","5057545123648","Bread",302,9.0,50.0,7.0,1.0,2.5,3.0,0.65,130,"1 naan (130g)","WHEAT Flour, Water, Yogurt (MILK), Vegetable Oil, Sugar, Salt, Yeast, Raising Agent","Wheat, Milk",true
"Wraps Soft White","Tesco","5057545123655","Bread",295,8.0,49.0,7.0,3.0,2.5,3.0,0.65,62,"1 wrap (62g)","WHEAT Flour, Water, Vegetable Oil, Raising Agents, Sugar, Salt, Emulsifier, Preservative","Wheat",true
"Salmon Fillets","Tesco","5057545123662","Fish",208,20.0,0,14.0,2.5,0,0,0.05,125,"1 fillet (125g)","Salmon (Salmo salar)","Fish",true
"Cod Fillets","Tesco","5057545123679","Fish",82,18.0,0,0.7,0.2,0,0,0.06,150,"1 fillet (150g)","Cod (Gadus morhua)","Fish",true
"Haddock Fillets","Tesco","5057545123686","Fish",81,19.0,0,0.6,0.1,0,0,0.12,150,"1 fillet (150g)","Haddock (Melanogrammus aeglefinus)","Fish",true
"King Prawns","Tesco","5057545123693","Fish",70,15.0,0,0.8,0.2,0,0,0.20,100,"Per 100g","King Prawns (Penaeus vannamei)","Crustaceans",true
"Tuna Steak","Tesco","5057545123700","Fish",108,24.0,0,0.5,0.2,0,0,0.04,150,"1 steak (150g)","Yellowfin Tuna (Thunnus albacares)","Fish",true
"Fish Fingers","Birds Eye","5000116055012","Fish",194,12.0,17.0,8.5,0.8,1.0,0.5,0.52,100,"4 fingers (100g)","Cod Fillet (58%), WHEAT Flour, Rapeseed Oil, Water, Starch, Salt, WHEAT Gluten, Yeast, Paprika, Turmeric","Fish, Wheat",true
"Battered Cod","Birds Eye","5000116055029","Fish",188,12.0,14.0,9.5,0.9,0.8,0.5,0.50,140,"1 piece (140g)","Cod Fillet (55%), WHEAT Flour, Rapeseed Oil, Water, Starch, Salt, WHEAT Gluten, Yeast, Raising Agent","Fish, Wheat",true
"Smoked Salmon","Tesco","5057545123717","Fish",183,22.0,0,11.0,2.0,0,0,2.50,100,"Per 100g","Salmon (Salmo salar), Salt, Smoke","Fish",true
"Mackerel Fillets in Tomato Sauce","John West","5000171122237","Fish",172,12.0,3.5,12.0,3.0,0,2.5,0.70,125,"1 can (125g)","Mackerel (60%), Tomatoes, Water, Sugar, Salt, Modified Maize Starch, Rapeseed Oil, Spices","Fish",true
"Tuna Chunks in Spring Water","John West","5000171063850","Fish",99,24.0,0,0.5,0.2,0,0,0.40,120,"1 can (120g)","Skipjack Tuna (Katsuwonus pelamis) (90%), Water, Salt","Fish",true
"Tuna Chunks in Sunflower Oil","John West","5000171063867","Fish",189,25.0,0,10.0,1.0,0,0,0.35,120,"1 can (120g)","Skipjack Tuna (Katsuwonus pelamis) (72%), Sunflower Oil, Salt","Fish",true
"Baked Beans with Sausages","Heinz","5000157024170","Canned Goods",92,5.5,10.0,3.5,1.0,2.5,4.0,0.60,200,"1/2 can (200g)","Beans (42%), Tomatoes, Pork Sausages (12%), Water, Sugar, Modified Cornflour, Salt, Spirit Vinegar, Paprika, Spice Extracts","Wheat, Sulphites",true
"Spaghetti in Tomato Sauce","Heinz","5000157025696","Canned Goods",61,2.0,12.0,0.2,0,0.7,3.5,0.35,200,"1/2 can (200g)","Tomatoes (35%), Water, WHEAT Spaghetti (23%), Sugar, Modified Cornflour, Salt, Onion Powder, Garlic Powder, Herb Extract","Wheat",true
"Spaghetti Hoops","Heinz","5000157025702","Canned Goods",56,1.8,11.0,0.2,0,0.6,3.2,0.35,200,"1/2 can (200g)","Tomatoes (35%), Water, WHEAT Pasta (21%), Sugar, Modified Cornflour, Salt, Onion Powder, Spice Extract","Wheat",true
"Ravioli in Tomato Sauce","Heinz","5000157025719","Canned Goods",73,2.8,12.0,1.0,0.4,0.8,3.5,0.40,200,"1/2 can (200g)","Tomatoes, WHEAT Pasta (29%), Water, Beef (5%), Sugar, Modified Cornflour, Salt, Onion, Spices","Wheat, Beef",true
"Chicken Soup","Heinz","5000157025726","Canned Goods",40,2.0,5.0,1.2,0.3,0.3,0.8,0.35,200,"1/2 can (200g)","Water, Chicken (8%), Potatoes, Carrots, Rice, Chicken Fat, Salt, Modified Cornflour, Onion, Yeast Extract, Herbs, Spices","None",true
"Mushroom Soup","Heinz","5000157025733","Canned Goods",48,1.0,5.5,2.5,1.0,0.4,0.8,0.38,200,"1/2 can (200g)","Water, Mushrooms (18%), Double Cream (MILK), Modified Cornflour, WHEAT Flour, Butter (MILK), Salt, Yeast Extract, White Pepper","Milk, Wheat",true
"Vegetable Soup","Heinz","5000157025740","Canned Goods",38,1.2,6.5,0.4,0.1,1.0,2.0,0.35,200,"1/2 can (200g)","Water, Tomatoes (14%), Carrots, Potatoes, Swede, Peas, Green Beans, Leeks, Celery, Sugar, Modified Cornflour, Salt, Yeast Extract","Celery",true
"Oxtail Soup","Heinz","5000157025757","Canned Goods",35,1.5,5.0,0.8,0.4,0.3,2.0,0.38,200,"1/2 can (200g)","Water, Tomatoes, Beef Extract (4%), Sugar, Modified Cornflour, Onion, Salt, Beef Fat, Yeast Extract, Colour (Caramel), Spices","Beef",true
"Pot Noodle Chicken & Mushroom","Pot Noodle","5000118020636","Instant Food",440,8.0,60.0,18.0,8.0,2.0,5.0,1.90,90,"1 pot (90g)","WHEAT Flour Noodles, Vegetable Oils, Maltodextrin, Salt, Yeast Extract, Flavourings, Sugar, Dried Vegetables, Chicken Powder, Mushroom Powder, Soya Sauce Powder (SOYA, WHEAT)","Wheat, Soya, Milk, Egg",true
"Pot Noodle Beef & Tomato","Pot Noodle","5000118020643","Instant Food",436,8.0,59.0,18.0,8.0,2.0,6.0,2.00,90,"1 pot (90g)","WHEAT Flour Noodles, Vegetable Oils, Maltodextrin, Salt, Yeast Extract, Tomato Powder, Flavourings, Sugar, Beef Powder, Dried Vegetables","Wheat, Soya, Milk",true
"Super Noodles Chicken","Batchelors","5000354311234","Instant Food",449,9.0,61.0,18.0,8.0,3.0,4.0,1.50,100,"1 pack (100g)","WHEAT Flour Noodles, Vegetable Oil, Salt, Yeast Extract, Chicken Flavouring, Sugar, Onion Powder, Garlic Powder, Spices","Wheat, Milk, Soya",true
"Uncle Bens Long Grain Rice","Uncle Ben's","5410673845014","Rice & Grains",347,7.5,76.0,0.5,0.1,1.5,0,0,75,"Per 75g dry","Long Grain Rice","None",true
"Basmati Rice","Tilda","5011157100234","Rice & Grains",349,8.0,77.0,0.5,0.1,1.0,0,0,75,"Per 75g dry","Basmati Rice","None",true
"Brown Basmati Rice","Tilda","5011157100241","Rice & Grains",341,8.0,70.0,2.5,0.5,4.0,0,0,75,"Per 75g dry","Wholegrain Basmati Rice","None",true
"Microwave Rice Pilau","Tilda","5011157100258","Rice & Grains",155,3.0,28.0,3.5,0.5,0.5,0.5,0.40,250,"1 pack (250g)","Cooked Basmati Rice (75%), Water, Sunflower Oil, Peas, Spices, Salt","None",true
"Pasta Penne","Tesco","5057545123724","Rice & Grains",353,12.0,72.0,1.5,0.3,3.0,2.5,0,75,"Per 75g dry","WHEAT Semolina (100%)","Wheat",true
"Pasta Spaghetti","Tesco","5057545123731","Rice & Grains",353,12.0,72.0,1.5,0.3,3.0,2.5,0,75,"Per 75g dry","WHEAT Semolina (100%)","Wheat",true
"Pasta Fusilli","Tesco","5057545123748","Rice & Grains",353,12.0,72.0,1.5,0.3,3.0,2.5,0,75,"Per 75g dry","WHEAT Semolina (100%)","Wheat",true
"Egg Noodles","Tesco","5057545123755","Rice & Grains",384,12.0,69.0,5.0,1.0,2.5,2.0,0.10,75,"Per 75g dry","WHEAT Flour, EGG (8%), Salt","Wheat, Egg",true
"Couscous","Tesco","5057545123762","Rice & Grains",356,12.0,72.0,1.5,0.2,4.0,0.5,0,75,"Per 75g dry","WHEAT Semolina (100%)","Wheat",true
"Quinoa","Tesco","5057545123779","Rice & Grains",368,14.0,64.0,6.0,0.7,7.0,0,0,75,"Per 75g dry","Quinoa (100%)","None",true
"Haribo Starmix","Haribo","4001686301234","Sweets",343,6.0,77.0,0.5,0.1,0,46.0,0.08,100,"Per 100g","Glucose Syrup, Sugar, Dextrose, Gelatine, Fruit Juice Concentrates, Citric Acid, Flavourings, Colours","None",true
"Haribo Tangfastics","Haribo","4001686301241","Sweets",338,5.5,76.0,0.5,0.1,0,45.0,0.10,100,"Per 100g","Glucose Syrup, Sugar, Dextrose, Gelatine, Malic Acid, Citric Acid, Fruit Juice Concentrates, Flavourings, Colours","None",true
"Skittles Original","Mars","5000159502177","Sweets",405,0,91.0,4.4,4.2,0,75.0,0.02,45,"1 bag (45g)","Sugar, Glucose Syrup, Palm Kernel Fat, Citric Acid, Fruit Juices, Dextrin, Flavourings, Colours, Glazing Agent","None",true
"Starburst Original","Mars","5000159502184","Sweets",408,0.1,83.0,8.0,4.0,0,56.0,0.01,45,"1 pack (45g)","Sugar, Glucose Syrup, Palm Fat, Citric Acid, Dextrin, Flavourings, Fruit Juices, Colours, Emulsifier","None",true
"Wine Gums","Maynards","7622210388445","Sweets",330,5.5,77.0,0,0,0,52.0,0.05,100,"Per 100g","Glucose Syrup, Sugar, Starch, Gelatine, Acids, Flavourings, Colours, Glazing Agents","None",true
"Fruit Pastilles","Rowntree's","7613034295912","Sweets",352,4.5,82.0,0.1,0,0,58.0,0.03,100,"Per 100g","Glucose Syrup, Sugar, Starch, Gelatine, Fruit Juices, Acids, Flavourings, Colours","None",true
"Polo Mints Original","Nestle","7613035014671","Sweets",396,0,98.0,0.4,0.3,0,79.0,0.01,34,"1 roll (34g)","Sugar, Glucose Syrup, Starch, Flavouring, Anti-Caking Agent","None",true
"Trebor Extra Strong Mints","Trebor","7622210388476","Sweets",396,0,98.0,0.1,0,0,79.0,0.01,45,"1 roll (45g)","Sugar, Glucose Syrup, Starch, Flavouring, Colours","None",true
"Tic Tac Fresh Mint","Tic Tac","8000500035634","Sweets",392,0,97.0,0.4,0.3,0,94.0,0,18,"1 pack (18g)","Sugar, Maltodextrin, Rice Starch, Flavourings, Glazing Agent, Colour","None",true
"Extra Spearmint Gum","Wrigley's","5010677410010","Sweets",139,0,63.0,0,0,0,0,0.01,14,"1 pack (14g)","Sweeteners (Sorbitol, Maltitol Syrup, Mannitol, Aspartame, Acesulfame K), Gum Base, Flavourings, Emulsifier, Glazing Agent, Colour","None",true
"Airwaves Menthol Gum","Wrigley's","4009900428767","Sweets",151,0,61.0,0,0,0,0,0.01,14,"1 pack (14g)","Sweeteners, Gum Base, Flavourings (contains Menthol, Eucalyptus), Emulsifier, Colour, Glazing Agent","None",true
"Fruit Gums","Rowntree's","7613034295929","Sweets",326,5.0,76.0,0,0,0,55.0,0.05,100,"Per 100g","Glucose Syrup, Sugar, Starch, Gelatine, Fruit Juice Concentrates, Acids, Flavourings, Colours","None",true
"Toblerone Milk","Toblerone","7614500010013","Chocolate",524,5.5,59.0,29.0,16.0,0,55.0,0.07,35,"1 serving (35g)","Sugar, MILK, Cocoa Butter, Honey (3%), Cocoa Mass, ALMONDS (1.6%), MILK Fat, Emulsifier, EGG White, Flavouring","Milk, Nuts, Egg",true
"After Eight Mints","Nestle","7613032620547","Chocolate",420,2.5,74.0,13.0,8.0,0,68.0,0.03,40,"4 mints (40g)","Sugar, Cocoa Mass, Glucose Syrup, Cocoa Butter, Peppermint Oil, Butter Oil (MILK), Dried Whole MILK, Emulsifier (SOYA Lecithin), Invertase, Flavouring","Milk, Soya",true
"Celebrations","Mars","5000159484336","Chocolate",495,5.5,61.0,25.0,15.0,0.5,58.0,0.22,100,"Per 100g","Sugar, Glucose Syrup, Cocoa Butter, Skimmed MILK Powder, Cocoa Mass, Sunflower Oil, MILK Fat, Lactose, Whey Powder, Palm Fat, Vegetable Fat, BARLEY Malt Extract, Coconut, PEANUTS, HAZELNUTS, Salt, Emulsifier, EGG White, Natural Vanilla Extract","Milk, Barley, Peanuts, Nuts, Egg, Soya",true
"Quality Street","Nestle","7613031254644","Chocolate",460,3.5,67.0,19.0,11.0,0.5,60.0,0.20,100,"Per 100g","Sugar, Glucose Syrup, Cocoa Butter, Sweetened Condensed MILK, Cocoa Mass, Vegetable Fats, Dried Whole MILK, HAZELNUTS, Desiccated Coconut, Butter (MILK), Invert Sugar Syrup, Skimmed MILK Powder, Whey Powder, Emulsifiers, Salt, Flavourings, Colours","Milk, Nuts, Soya",true
"Roses","Cadbury","7622210100801","Chocolate",490,4.8,61.0,25.0,15.0,0.5,57.0,0.15,100,"Per 100g","Sugar, Cocoa Butter, Dried Whole MILK, Cocoa Mass, Glucose Syrup, Sweetened Condensed MILK, Vegetable Fats, Dried Whey (MILK), HAZELNUTS, Butter (MILK), Emulsifiers, Flavourings","Milk, Nuts, Soya",true
"Heroes","Cadbury","7622210100818","Chocolate",495,5.5,60.0,26.0,15.5,0.5,56.0,0.18,100,"Per 100g","Sugar, Glucose Syrup, Cocoa Butter, Dried Skimmed MILK, Cocoa Mass, PEANUTS, Vegetable Fats, Sweetened Condensed MILK, Dried Whey (MILK), Palm Fat, Caramel, MILK Fat, BARLEY Malt Extract, Butter (MILK), Emulsifiers, Salt, EGG White, Flavourings","Milk, Peanuts, Nuts, Egg, Barley, Soya",true
