code,name,category,permitted_GB,permitted_NI,permitted_EU,status_notes,child_warning,PKU_warning,polyols_warning,sulphites_allergen_label,origin,overview,typical_uses,effects_summary,effects_verdict,synonyms,matches,ins_number,sources
SOLV01,Hexane,extraction solvent,TRUE,TRUE,TRUE,Processing only,FALSE,FALSE,FALSE,FALSE,petroleum,Oil extraction solvent.,"Vegetable oil extraction.",Neurotoxic; mostly removed.,negative,n-Hexane,hexane,,"[{""title"": ""Extraction Solvents"", ""url"": ""https://www.fda.gov""}]"
SOLV02,Acetone,extraction solvent,TRUE,TRUE,TRUE,Processing only,FALSE,FALSE,FALSE,FALSE,synthetic,Decaffeination solvent.,"Spice oleoresins, decaffeination.",Generally removed; limited residue.,neutral,Propanone,acetone,,"[{""title"": ""Extraction Solvents"", ""url"": ""https://www.fda.gov""}]"
SOLV03,Methyl Acetate,extraction solvent,TRUE,TRUE,TRUE,Processing only,FALSE,FALSE,FALSE,FALSE,synthetic,Decaffeination solvent.,"Coffee decaffeination.",Mostly removed in processing.,neutral,,methyl acetate,,"[{""title"": ""Extraction Solvents"", ""url"": ""https://www.fda.gov""}]"
SOLV04,Ethyl Acetate,extraction solvent,TRUE,TRUE,TRUE,Processing only,FALSE,FALSE,FALSE,FALSE,synthetic/natural,Natural in fruits; used as solvent.,"Decaffeination, flavor extraction.",Natural compound; mostly removed.,positive,,ethyl acetate,,"[{""title"": ""Extraction Solvents"", ""url"": ""https://www.fda.gov""}]"
SOLV05,Methylene Chloride,extraction solvent,FALSE,FALSE,FALSE,Banned in some uses,FALSE,FALSE,FALSE,FALSE,synthetic,Dichloromethane; controversial.,"Decaffeination (restricted).",Possible carcinogen; banned in some uses.,negative,Dichloromethane; DCM,methylene chloride; dichloromethane,,"[{""title"": ""Extraction Solvents"", ""url"": ""https://www.fda.gov""}]"
SOLV06,Isopropanol,extraction solvent,TRUE,TRUE,TRUE,Processing only,FALSE,FALSE,FALSE,FALSE,synthetic,Isopropyl alcohol.,"Flavor extraction, processing.",Generally removed; limited residue.,neutral,Isopropyl alcohol; IPA,isopropanol; isopropyl alcohol,,"[{""title"": ""Extraction Solvents"", ""url"": ""https://www.fda.gov""}]"
SOLV07,Methanol,extraction solvent,TRUE,TRUE,TRUE,Very limited use,FALSE,FALSE,FALSE,FALSE,synthetic,Toxic alcohol; restricted.,"Very limited extraction uses.",Toxic; strictly controlled.,negative,Methyl alcohol,methanol,,"[{""title"": ""Extraction Solvents"", ""url"": ""https://www.fda.gov""}]"
SOLV08,Butane,extraction solvent,TRUE,TRUE,TRUE,Processing only,FALSE,FALSE,FALSE,FALSE,petroleum,Gas extraction solvent.,"Oil extraction, flavor extraction.",Removed during processing.,neutral,n-Butane,butane,,"[{""title"": ""Extraction Solvents"", ""url"": ""https://www.fda.gov""}]"
SOLV09,Propane,extraction solvent,TRUE,TRUE,TRUE,Processing only,FALSE,FALSE,FALSE,FALSE,petroleum,Gas extraction solvent.,"Oil extraction.",Removed during processing.,neutral,LPG,propane,,"[{""title"": ""Extraction Solvents"", ""url"": ""https://www.fda.gov""}]"
SOLV10,CO2,extraction solvent,TRUE,TRUE,TRUE,GRAS,FALSE,FALSE,FALSE,FALSE,gas,Supercritical CO2 extraction.,"Decaffeination, hop extraction.",Safe; leaves no residue.,positive,Carbon dioxide,co2; carbon dioxide,,"[{""title"": ""Extraction Solvents"", ""url"": ""https://www.fda.gov""}]"
SOLV11,Diethyl Ether,extraction solvent,TRUE,TRUE,TRUE,Limited use,FALSE,FALSE,FALSE,FALSE,synthetic,Ether solvent.,"Limited extraction uses.",Flammable; mostly removed.,neutral,Ether,diethyl ether; ether,,"[{""title"": ""Extraction Solvents"", ""url"": ""https://www.fda.gov""}]"
SOLV12,Petroleum Ether,extraction solvent,TRUE,TRUE,TRUE,Processing only,FALSE,FALSE,FALSE,FALSE,petroleum,Light petroleum fraction.,"Oil extraction.",Removed during processing.,neutral,Ligroin,petroleum ether,,"[{""title"": ""Extraction Solvents"", ""url"": ""https://www.fda.gov""}]"
SOLV13,Cyclohexane,extraction solvent,TRUE,TRUE,TRUE,Processing only,FALSE,FALSE,FALSE,FALSE,petroleum,Hydrocarbon solvent.,"Oil extraction.",Mostly removed; limited residue.,neutral,,cyclohexane,,"[{""title"": ""Extraction Solvents"", ""url"": ""https://www.fda.gov""}]"
SOLV14,Toluene,extraction solvent,FALSE,FALSE,FALSE,Not in food,FALSE,FALSE,FALSE,FALSE,petroleum,Aromatic solvent; not food use.,"Not used in food processing.",Toxic; not permitted in food.,negative,Methylbenzene,toluene,,"[{""title"": ""Extraction Solvents"", ""url"": ""https://www.fda.gov""}]"
SOLV15,Benzene,extraction solvent,FALSE,FALSE,FALSE,Banned,FALSE,FALSE,FALSE,FALSE,petroleum,Carcinogenic; banned.,"Not permitted in food.",Known carcinogen; banned.,negative,,benzene,,"[{""title"": ""Extraction Solvents"", ""url"": ""https://www.fda.gov""}]"
BTOX01,Saxitoxin,marine biotoxin,FALSE,FALSE,FALSE,Natural toxin,FALSE,FALSE,FALSE,FALSE,algae,Paralytic shellfish poison.,"Contaminated shellfish.",Potentially fatal paralysis.,negative,PSP,saxitoxin; psp,,"[{""title"": ""Marine Biotoxins"", ""url"": ""https://www.fda.gov""}]"
BTOX02,Domoic Acid,marine biotoxin,FALSE,FALSE,FALSE,Natural toxin,FALSE,FALSE,FALSE,FALSE,algae,Amnesic shellfish poison.,"Contaminated shellfish.",Memory loss; seizures.,negative,ASP,domoic acid; asp,,"[{""title"": ""Marine Biotoxins"", ""url"": ""https://www.fda.gov""}]"
BTOX03,Okadaic Acid,marine biotoxin,FALSE,FALSE,FALSE,Natural toxin,FALSE,FALSE,FALSE,FALSE,algae,Diarrhetic shellfish poison.,"Contaminated shellfish.",Severe diarrhea.,negative,DSP,okadaic acid; dsp,,"[{""title"": ""Marine Biotoxins"", ""url"": ""https://www.fda.gov""}]"
BTOX04,Brevetoxin,marine biotoxin,FALSE,FALSE,FALSE,Natural toxin,FALSE,FALSE,FALSE,FALSE,algae,Neurotoxic shellfish poison.,"Contaminated shellfish.",Neurological symptoms.,negative,NSP,brevetoxin; nsp,,"[{""title"": ""Marine Biotoxins"", ""url"": ""https://www.fda.gov""}]"
BTOX05,Ciguatoxin,marine biotoxin,FALSE,FALSE,FALSE,Natural toxin,FALSE,FALSE,FALSE,FALSE,algae,Ciguatera fish poison.,"Large reef fish.",Neurological symptoms; reversal of hot/cold.,negative,CFP,ciguatoxin; cfp,,"[{""title"": ""Marine Biotoxins"", ""url"": ""https://www.fda.gov""}]"
BTOX06,Tetrodotoxin,marine biotoxin,FALSE,FALSE,FALSE,Natural toxin,FALSE,FALSE,FALSE,FALSE,bacteria,Pufferfish poison.,"Pufferfish (fugu).",Potentially fatal paralysis.,negative,TTX,tetrodotoxin; ttx,,"[{""title"": ""Marine Biotoxins"", ""url"": ""https://www.fda.gov""}]"
BTOX07,Azaspiracid,marine biotoxin,FALSE,FALSE,FALSE,Natural toxin,FALSE,FALSE,FALSE,FALSE,algae,Azaspiracid shellfish poison.,"Contaminated shellfish.",Severe diarrhea; neurotoxicity.,negative,AZP,azaspiracid; azp,,"[{""title"": ""Marine Biotoxins"", ""url"": ""https://www.fda.gov""}]"
BTOX08,Yessotoxin,marine biotoxin,FALSE,FALSE,FALSE,Natural toxin,FALSE,FALSE,FALSE,FALSE,algae,Shellfish toxin.,"Contaminated shellfish.",Cardiotoxic effects.,negative,YTX,yessotoxin; ytx,,"[{""title"": ""Marine Biotoxins"", ""url"": ""https://www.fda.gov""}]"
BTOX09,Pectenotoxin,marine biotoxin,FALSE,FALSE,FALSE,Natural toxin,FALSE,FALSE,FALSE,FALSE,algae,Shellfish toxin.,"Contaminated shellfish.",Hepatotoxic effects.,negative,PTX,pectenotoxin; ptx,,"[{""title"": ""Marine Biotoxins"", ""url"": ""https://www.fda.gov""}]"
BTOX10,Palytoxin,marine biotoxin,FALSE,FALSE,FALSE,Natural toxin,FALSE,FALSE,FALSE,FALSE,coral,One of most toxic natural substances.,"Contaminated seafood.",Extremely toxic; multiple organ failure.,negative,PLTX,palytoxin; pltx,,"[{""title"": ""Marine Biotoxins"", ""url"": ""https://www.fda.gov""}]"
NTOX01,Solanine,natural toxin,TRUE,TRUE,TRUE,In nightshades,FALSE,FALSE,FALSE,FALSE,plant,Glycoalkaloid in potatoes.,"Green potatoes, tomatoes.",Neurotoxic in high amounts.,negative,α-Solanine,solanine,,"[{""title"": ""Natural Toxins"", ""url"": ""https://www.who.int""}]"
NTOX02,Chaconine,natural toxin,TRUE,TRUE,TRUE,In potatoes,FALSE,FALSE,FALSE,FALSE,plant,Glycoalkaloid in potatoes.,"Potatoes, especially green/sprouted.",Neurotoxic in high amounts.,negative,α-Chaconine,chaconine,,"[{""title"": ""Natural Toxins"", ""url"": ""https://www.who.int""}]"
NTOX03,Tomatine,natural toxin,TRUE,TRUE,TRUE,In tomatoes,FALSE,FALSE,FALSE,FALSE,plant,Glycoalkaloid in tomatoes.,"Green tomatoes.",Less toxic than solanine.,neutral,α-Tomatine,tomatine,,"[{""title"": ""Natural Toxins"", ""url"": ""https://www.who.int""}]"
NTOX04,Cyanogenic Glycosides,natural toxin,TRUE,TRUE,TRUE,Releases cyanide,FALSE,FALSE,FALSE,FALSE,plant,Releases hydrogen cyanide.,"Cassava, almonds, stone fruit pits.",Can release cyanide.,negative,Amygdalin; Linamarin,cyanogenic glycosides,,"[{""title"": ""Natural Toxins"", ""url"": ""https://www.who.int""}]"
NTOX05,Lectins,natural toxin,TRUE,TRUE,TRUE,In legumes,FALSE,FALSE,FALSE,FALSE,plant,Proteins that bind carbohydrates.,"Raw beans, legumes.",Destroyed by cooking; toxic raw.,negative,Phytohemagglutinin,lectins,,"[{""title"": ""Natural Toxins"", ""url"": ""https://www.who.int""}]"
NTOX06,Saponins,natural toxin,TRUE,TRUE,TRUE,In many plants,FALSE,FALSE,FALSE,FALSE,plant,Soap-like compounds.,"Legumes, quinoa, tea.",Can be hemolytic; mostly safe.,neutral,Glycosaponins,saponins,,"[{""title"": ""Natural Toxins"", ""url"": ""https://www.who.int""}]"
NTOX07,Oxalates,natural toxin,TRUE,TRUE,TRUE,In many vegetables,FALSE,FALSE,FALSE,FALSE,plant,Oxalic acid salts.,"Spinach, rhubarb, beets.",Kidney stone risk.,negative,Oxalic acid,oxalates; oxalic acid,,"[{""title"": ""Natural Toxins"", ""url"": ""https://www.who.int""}]"
NTOX08,Phytates,natural toxin,TRUE,TRUE,TRUE,Antinutrient,FALSE,FALSE,FALSE,FALSE,plant,Phytic acid; binds minerals.,"Whole grains, legumes, nuts.",Reduces mineral absorption.,neutral,Phytic acid; Inositol hexaphosphate,phytates; phytic acid,,"[{""title"": ""Natural Toxins"", ""url"": ""https://www.who.int""}]"
NTOX09,Tannins,natural toxin,TRUE,TRUE,TRUE,In tea and wine,FALSE,FALSE,FALSE,FALSE,plant,Astringent polyphenols.,"Tea, wine, unripe fruits.",Can reduce iron absorption.,neutral,Tannic acid,tannins; tannic acid,,"[{""title"": ""Natural Toxins"", ""url"": ""https://www.who.int""}]"
NTOX10,Gossypol,natural toxin,TRUE,TRUE,TRUE,In cottonseed,FALSE,FALSE,FALSE,FALSE,plant,Toxic polyphenol.,"Cottonseed products.",Male fertility issues.,negative,,gossypol,,"[{""title"": ""Natural Toxins"", ""url"": ""https://www.who.int""}]"
NTOX11,Cucurbitacin,natural toxin,TRUE,TRUE,TRUE,In cucurbits,FALSE,FALSE,FALSE,FALSE,plant,Bitter compounds in squash.,"Bitter zucchini, cucumbers.",Very bitter; toxic in high amounts.,negative,Cucurbitacin E,cucurbitacin,,"[{""title"": ""Natural Toxins"", ""url"": ""https://www.who.int""}]"
NTOX12,Myristicin,natural toxin,TRUE,TRUE,TRUE,In nutmeg,FALSE,FALSE,FALSE,FALSE,plant,Psychoactive in large doses.,"Nutmeg, parsley, dill.",Hallucinogenic in large amounts.,negative,,myristicin,,"[{""title"": ""Natural Toxins"", ""url"": ""https://www.who.int""}]"
NTOX13,Psoralens,natural toxin,TRUE,TRUE,TRUE,Phototoxic,FALSE,FALSE,FALSE,FALSE,plant,Cause photosensitivity.,"Celery, parsnips, citrus peel.",Can cause severe sunburn.,negative,Furocoumarins,psoralens; furocoumarins,,"[{""title"": ""Natural Toxins"", ""url"": ""https://www.who.int""}]"
NTOX14,Hypoglycin A,natural toxin,TRUE,TRUE,TRUE,In ackee,FALSE,FALSE,FALSE,FALSE,plant,Causes Jamaican vomiting sickness.,"Unripe ackee fruit.",Can be fatal.,negative,,hypoglycin a,,"[{""title"": ""Natural Toxins"", ""url"": ""https://www.who.int""}]"
NTOX15,Linamarin,natural toxin,TRUE,TRUE,TRUE,Releases cyanide,FALSE,FALSE,FALSE,FALSE,plant,Cyanogenic glycoside in cassava.,"Cassava, lima beans.",Releases cyanide; must be processed.,negative,,linamarin,,"[{""title"": ""Natural Toxins"", ""url"": ""https://www.who.int""}]"
ALLER01,Casein Hydrolysate,hidden allergen,TRUE,TRUE,TRUE,Milk derivative,FALSE,FALSE,FALSE,FALSE,milk,Broken down milk protein.,"Flavor enhancer, protein supplements.",Contains milk proteins.,negative,Hydrolyzed casein,casein hydrolysate,,"[{""title"": ""Hidden Allergens"", ""url"": ""https://www.foodallergy.org""}]"
ALLER02,Whey Powder,hidden allergen,TRUE,TRUE,TRUE,Milk derivative,FALSE,FALSE,FALSE,FALSE,milk,Dried whey from cheese making.,"Baked goods, processed foods.",Major milk allergen.,negative,Dried whey,whey powder,,"[{""title"": ""Hidden Allergens"", ""url"": ""https://www.foodallergy.org""}]"
ALLER03,Lactoglobulin,hidden allergen,TRUE,TRUE,TRUE,Milk protein,FALSE,FALSE,FALSE,FALSE,milk,Major whey protein.,"Protein supplements.",Major milk allergen.,negative,Beta-lactoglobulin,lactoglobulin,,"[{""title"": ""Hidden Allergens"", ""url"": ""https://www.foodallergy.org""}]"
ALLER04,Lactalbumin,hidden allergen,TRUE,TRUE,TRUE,Milk protein,FALSE,FALSE,FALSE,FALSE,milk,Whey protein fraction.,"Infant formula, supplements.",Major milk allergen.,negative,Alpha-lactalbumin,lactalbumin,,"[{""title"": ""Hidden Allergens"", ""url"": ""https://www.foodallergy.org""}]"
ALLER05,Ovalbumin,hidden allergen,TRUE,TRUE,TRUE,Egg protein,FALSE,FALSE,FALSE,FALSE,egg,Main egg white protein.,"Baked goods, vaccines.",Major egg allergen.,negative,Egg albumin,ovalbumin,,"[{""title"": ""Hidden Allergens"", ""url"": ""https://www.foodallergy.org""}]"
ALLER06,Ovomucoid,hidden allergen,TRUE,TRUE,TRUE,Egg protein,FALSE,FALSE,FALSE,FALSE,egg,Heat-stable egg protein.,"Baked goods, processed foods.",Major egg allergen; heat stable.,negative,,ovomucoid,,"[{""title"": ""Hidden Allergens"", ""url"": ""https://www.foodallergy.org""}]"
ALLER07,Lysozyme,hidden allergen,TRUE,TRUE,TRUE,From egg white,FALSE,FALSE,FALSE,FALSE,egg,Egg white enzyme.,"Cheese, wine.",Egg allergen.,negative,E1105,lysozyme,,"[{""title"": ""Hidden Allergens"", ""url"": ""https://www.foodallergy.org""}]"
ALLER08,Gliadin,hidden allergen,TRUE,TRUE,TRUE,Wheat protein,FALSE,FALSE,FALSE,FALSE,wheat,Gluten component.,"All wheat products.",Major gluten/wheat allergen.,negative,Prolamin,gliadin,,"[{""title"": ""Hidden Allergens"", ""url"": ""https://www.foodallergy.org""}]"
ALLER09,Glutenin,hidden allergen,TRUE,TRUE,TRUE,Wheat protein,FALSE,FALSE,FALSE,FALSE,wheat,Gluten component.,"All wheat products.",Major gluten/wheat allergen.,negative,,glutenin,,"[{""title"": ""Hidden Allergens"", ""url"": ""https://www.foodallergy.org""}]"
ALLER10,Hordein,hidden allergen,TRUE,TRUE,TRUE,Barley protein,FALSE,FALSE,FALSE,FALSE,barley,Barley gluten.,"Barley products, beer.",Gluten allergen.,negative,Barley prolamin,hordein,,"[{""title"": ""Hidden Allergens"", ""url"": ""https://www.foodallergy.org""}]"
ALLER11,Secalin,hidden allergen,TRUE,TRUE,TRUE,Rye protein,FALSE,FALSE,FALSE,FALSE,rye,Rye gluten.,"Rye products.",Gluten allergen.,negative,Rye prolamin,secalin,,"[{""title"": ""Hidden Allergens"", ""url"": ""https://www.foodallergy.org""}]"
ALLER12,Avenin,hidden allergen,TRUE,TRUE,TRUE,Oat protein,FALSE,FALSE,FALSE,FALSE,oat,Oat protein similar to gluten.,"Oat products.",May affect celiac patients.,neutral,Oat prolamin,avenin,,"[{""title"": ""Hidden Allergens"", ""url"": ""https://www.foodallergy.org""}]"
ALLER13,Zein,hidden allergen,TRUE,TRUE,TRUE,Corn protein,FALSE,FALSE,FALSE,FALSE,corn,Corn prolamin.,"Corn products, coatings.",Rare allergen.,neutral,Corn prolamin,zein,,"[{""title"": ""Hidden Allergens"", ""url"": ""https://www.foodallergy.org""}]"
ALLER14,Glycinin,hidden allergen,TRUE,TRUE,TRUE,Soy protein,FALSE,FALSE,FALSE,FALSE,soy,Major soy storage protein.,"Soy products.",Major soy allergen.,negative,11S globulin,glycinin,,"[{""title"": ""Hidden Allergens"", ""url"": ""https://www.foodallergy.org""}]"
ALLER15,Conglycinin,hidden allergen,TRUE,TRUE,TRUE,Soy protein,FALSE,FALSE,FALSE,FALSE,soy,Major soy protein.,"Soy products.",Major soy allergen.,negative,Beta-conglycinin,conglycinin,,"[{""title"": ""Hidden Allergens"", ""url"": ""https://www.foodallergy.org""}]"
ALLER16,Ara h 1,hidden allergen,TRUE,TRUE,TRUE,Peanut protein,FALSE,FALSE,FALSE,FALSE,peanut,Major peanut allergen.,"Peanut products.",Major peanut allergen.,negative,Conarachin,ara h 1,,"[{""title"": ""Hidden Allergens"", ""url"": ""https://www.foodallergy.org""}]"
ALLER17,Ara h 2,hidden allergen,TRUE,TRUE,TRUE,Peanut protein,FALSE,FALSE,FALSE,FALSE,peanut,Major peanut allergen.,"Peanut products.",Most potent peanut allergen.,negative,Conglutin,ara h 2,,"[{""title"": ""Hidden Allergens"", ""url"": ""https://www.foodallergy.org""}]"
ALLER18,Tropomyosin,hidden allergen,TRUE,TRUE,TRUE,Shellfish protein,FALSE,FALSE,FALSE,FALSE,shellfish,Pan-allergen in shellfish.,"All shellfish, insects.",Major shellfish allergen.,negative,,tropomyosin,,"[{""title"": ""Hidden Allergens"", ""url"": ""https://www.foodallergy.org""}]"
ALLER19,Parvalbumin,hidden allergen,TRUE,TRUE,TRUE,Fish protein,FALSE,FALSE,FALSE,FALSE,fish,Major fish allergen.,"All fish species.",Major fish allergen.,negative,,parvalbumin,,"[{""title"": ""Hidden Allergens"", ""url"": ""https://www.foodallergy.org""}]"
ALLER20,Actinidin,hidden allergen,TRUE,TRUE,TRUE,Kiwi enzyme,FALSE,FALSE,FALSE,FALSE,plant,Proteolytic enzyme in kiwi.,"Kiwi fruit.",Causes oral allergy syndrome.,negative,Kiwi protease,actinidin,,"[{""title"": ""Hidden Allergens"", ""url"": ""https://www.foodallergy.org""}]"
VIT01,Synthetic Vitamin A,synthetic vitamin,TRUE,TRUE,TRUE,Fortification,FALSE,FALSE,FALSE,FALSE,synthetic,Retinyl palmitate/acetate.,"Fortified milk, cereals.",Can accumulate; toxicity risk.,neutral,Retinyl palmitate,synthetic vitamin a,,"[{""title"": ""Synthetic Vitamins"", ""url"": ""https://www.fda.gov""}]"
VIT02,Synthetic Vitamin D,synthetic vitamin,TRUE,TRUE,TRUE,Fortification,FALSE,FALSE,FALSE,FALSE,synthetic,D2 (ergocalciferol) or D3.,"Fortified milk, cereals.",D3 better than D2.,positive,Ergocalciferol; Cholecalciferol,synthetic vitamin d,,"[{""title"": ""Synthetic Vitamins"", ""url"": ""https://www.fda.gov""}]"
VIT03,Synthetic Vitamin E,synthetic vitamin,TRUE,TRUE,TRUE,dl-alpha form,FALSE,FALSE,FALSE,FALSE,synthetic,dl-alpha-tocopherol.,"Supplements, fortified foods.",Less effective than natural.,neutral,dl-alpha-tocopherol,synthetic vitamin e,,"[{""title"": ""Synthetic Vitamins"", ""url"": ""https://www.fda.gov""}]"
VIT04,Synthetic Vitamin K,synthetic vitamin,TRUE,TRUE,TRUE,Fortification,FALSE,FALSE,FALSE,FALSE,synthetic,Menadione or phylloquinone.,"Infant formula, supplements.",K1 preferred over K3.,neutral,Menadione; Phylloquinone,synthetic vitamin k,,"[{""title"": ""Synthetic Vitamins"", ""url"": ""https://www.fda.gov""}]"
VIT05,Synthetic Vitamin C,synthetic vitamin,TRUE,TRUE,TRUE,Most common,FALSE,FALSE,FALSE,FALSE,synthetic,Ascorbic acid from corn.,"Most fortified foods, beverages.",Identical to natural; from GMO corn.,positive,L-Ascorbic acid,synthetic vitamin c,,"[{""title"": ""Synthetic Vitamins"", ""url"": ""https://www.fda.gov""}]"
VIT06,Synthetic B1,synthetic vitamin,TRUE,TRUE,TRUE,Thiamine,FALSE,FALSE,FALSE,FALSE,synthetic,Thiamine mononitrate/HCl.,"Enriched flour, cereals.",Identical to natural.,positive,Thiamine mononitrate,synthetic vitamin b1; thiamine,,"[{""title"": ""Synthetic Vitamins"", ""url"": ""https://www.fda.gov""}]"
VIT07,Synthetic B2,synthetic vitamin,TRUE,TRUE,TRUE,Riboflavin,FALSE,FALSE,FALSE,FALSE,synthetic,Synthetic riboflavin.,"Enriched flour, cereals.",Identical to natural.,positive,Synthetic riboflavin,synthetic vitamin b2; riboflavin,,"[{""title"": ""Synthetic Vitamins"", ""url"": ""https://www.fda.gov""}]"
VIT08,Synthetic B3,synthetic vitamin,TRUE,TRUE,TRUE,Niacin,FALSE,FALSE,FALSE,FALSE,synthetic,Nicotinic acid/niacinamide.,"Enriched flour, cereals.",Can cause flushing.,neutral,Nicotinic acid; Niacinamide,synthetic vitamin b3; niacin,,"[{""title"": ""Synthetic Vitamins"", ""url"": ""https://www.fda.gov""}]"
VIT09,Synthetic B5,synthetic vitamin,TRUE,TRUE,TRUE,Pantothenic acid,FALSE,FALSE,FALSE,FALSE,synthetic,Calcium pantothenate.,"Supplements, energy drinks.",Generally safe.,positive,Calcium pantothenate,synthetic vitamin b5; pantothenic acid,,"[{""title"": ""Synthetic Vitamins"", ""url"": ""https://www.fda.gov""}]"
VIT10,Synthetic B6,synthetic vitamin,TRUE,TRUE,TRUE,Pyridoxine,FALSE,FALSE,FALSE,FALSE,synthetic,Pyridoxine HCl.,"Supplements, fortified foods.",High doses can cause neuropathy.,neutral,Pyridoxine hydrochloride,synthetic vitamin b6; pyridoxine,,"[{""title"": ""Synthetic Vitamins"", ""url"": ""https://www.fda.gov""}]"
VIT11,Synthetic B7,synthetic vitamin,TRUE,TRUE,TRUE,Biotin,FALSE,FALSE,FALSE,FALSE,synthetic,D-biotin.,"Supplements, infant formula.",Identical to natural.,positive,D-biotin,synthetic vitamin b7; biotin,,"[{""title"": ""Synthetic Vitamins"", ""url"": ""https://www.fda.gov""}]"
VIT12,Synthetic B9,synthetic vitamin,TRUE,TRUE,TRUE,Folic acid,FALSE,FALSE,FALSE,FALSE,synthetic,Pteroylmonoglutamic acid.,"Enriched flour, cereals.",Better absorbed than natural folate.,positive,Folic acid,synthetic vitamin b9; folic acid,,"[{""title"": ""Synthetic Vitamins"", ""url"": ""https://www.fda.gov""}]"
VIT13,Synthetic B12,synthetic vitamin,TRUE,TRUE,TRUE,Cyanocobalamin,FALSE,FALSE,FALSE,FALSE,synthetic,Cyanocobalamin.,"Supplements, fortified foods.",Must convert to active forms.,neutral,Cyanocobalamin,synthetic vitamin b12; cyanocobalamin,,"[{""title"": ""Synthetic Vitamins"", ""url"": ""https://www.fda.gov""}]"
VIT14,Methylcobalamin,synthetic vitamin,TRUE,TRUE,TRUE,Active B12,FALSE,FALSE,FALSE,FALSE,synthetic,Active form of B12.,"Premium supplements.",Better than cyanocobalamin.,positive,Methyl-B12,methylcobalamin,,"[{""title"": ""Synthetic Vitamins"", ""url"": ""https://www.fda.gov""}]"
VIT15,Synthetic Beta-Carotene,synthetic vitamin,TRUE,TRUE,TRUE,Pro-vitamin A,FALSE,FALSE,FALSE,FALSE,synthetic,All-trans-beta-carotene.,"Supplements, food coloring.",May increase cancer risk in smokers.,negative,All-trans-beta-carotene,synthetic beta carotene,,"[{""title"": ""Synthetic Vitamins"", ""url"": ""https://www.fda.gov""}]"
MIN01,Calcium Carbonate,mineral supplement,TRUE,TRUE,TRUE,Most common,FALSE,FALSE,FALSE,FALSE,mineral,Chalk; limestone.,"Supplements, fortified foods.",Needs acid for absorption.,neutral,Limestone; Chalk,calcium carbonate,,"[{""title"": ""Mineral Supplements"", ""url"": ""https://www.fda.gov""}]"
MIN02,Calcium Citrate,mineral supplement,TRUE,TRUE,TRUE,Better absorbed,FALSE,FALSE,FALSE,FALSE,synthetic,Calcium salt of citric acid.,"Supplements, fortified juices.",Better absorbed than carbonate.,positive,Tricalcium citrate,calcium citrate,,"[{""title"": ""Mineral Supplements"", ""url"": ""https://www.fda.gov""}]"
MIN03,Calcium Phosphate,mineral supplement,TRUE,TRUE,TRUE,Bone mineral,FALSE,FALSE,FALSE,FALSE,mineral,Similar to bone composition.,"Supplements, toothpaste.",Good bioavailability.,positive,Tricalcium phosphate,calcium phosphate,,"[{""title"": ""Mineral Supplements"", ""url"": ""https://www.fda.gov""}]"
MIN04,Calcium Lactate,mineral supplement,TRUE,TRUE,TRUE,Well absorbed,FALSE,FALSE,FALSE,FALSE,synthetic,Calcium salt of lactic acid.,"Supplements, fortified foods.",Well absorbed.,positive,,calcium lactate,,"[{""title"": ""Mineral Supplements"", ""url"": ""https://www.fda.gov""}]"
MIN05,Calcium Gluconate,mineral supplement,TRUE,TRUE,TRUE,IV/oral use,FALSE,FALSE,FALSE,FALSE,synthetic,Calcium salt of gluconic acid.,"Supplements, medical use.",Lower calcium content.,neutral,,calcium gluconate,,"[{""title"": ""Mineral Supplements"", ""url"": ""https://www.fda.gov""}]"
MIN06,Ferrous Sulfate,mineral supplement,TRUE,TRUE,TRUE,Common iron,FALSE,FALSE,FALSE,FALSE,mineral,Iron(II) sulfate.,"Supplements, fortified cereals.",Can cause GI upset.,neutral,Iron sulfate,ferrous sulfate,,"[{""title"": ""Mineral Supplements"", ""url"": ""https://www.fda.gov""}]"
MIN07,Ferrous Gluconate,mineral supplement,TRUE,TRUE,TRUE,Gentler iron,FALSE,FALSE,FALSE,FALSE,synthetic,Iron(II) gluconate.,"Supplements, fortified foods.",Less GI upset than sulfate.,positive,,ferrous gluconate,,"[{""title"": ""Mineral Supplements"", ""url"": ""https://www.fda.gov""}]"
MIN08,Ferrous Fumarate,mineral supplement,TRUE,TRUE,TRUE,High iron content,FALSE,FALSE,FALSE,FALSE,synthetic,Iron(II) fumarate.,"Supplements, fortified foods.",Well absorbed.,positive,,ferrous fumarate,,"[{""title"": ""Mineral Supplements"", ""url"": ""https://www.fda.gov""}]"
MIN09,Ferric Pyrophosphate,mineral supplement,TRUE,TRUE,TRUE,Food fortification,FALSE,FALSE,FALSE,FALSE,synthetic,Iron(III) compound.,"Fortified cereals, infant formula.",Lower bioavailability.,neutral,Iron pyrophosphate,ferric pyrophosphate,,"[{""title"": ""Mineral Supplements"", ""url"": ""https://www.fda.gov""}]"
MIN10,Carbonyl Iron,mineral supplement,TRUE,TRUE,TRUE,Pure iron powder,FALSE,FALSE,FALSE,FALSE,metal,Elemental iron powder.,"Supplements.",Slower absorption; less GI upset.,positive,,carbonyl iron,,"[{""title"": ""Mineral Supplements"", ""url"": ""https://www.fda.gov""}]"
MIN11,Zinc Sulfate,mineral supplement,TRUE,TRUE,TRUE,Common zinc,FALSE,FALSE,FALSE,FALSE,mineral,Zinc salt.,"Supplements, fortified foods.",Can cause nausea.,neutral,Zinc sulphate,zinc sulfate,,"[{""title"": ""Mineral Supplements"", ""url"": ""https://www.fda.gov""}]"
MIN12,Zinc Gluconate,mineral supplement,TRUE,TRUE,TRUE,Gentler zinc,FALSE,FALSE,FALSE,FALSE,synthetic,Zinc salt of gluconic acid.,"Lozenges, supplements.",Less GI upset.,positive,,zinc gluconate,,"[{""title"": ""Mineral Supplements"", ""url"": ""https://www.fda.gov""}]"
MIN13,Zinc Picolinate,mineral supplement,TRUE,TRUE,TRUE,Well absorbed,FALSE,FALSE,FALSE,FALSE,synthetic,Zinc bound to picolinic acid.,"Premium supplements.",Superior absorption.,positive,,zinc picolinate,,"[{""title"": ""Mineral Supplements"", ""url"": ""https://www.fda.gov""}]"
MIN14,Zinc Citrate,mineral supplement,TRUE,TRUE,TRUE,Well tolerated,FALSE,FALSE,FALSE,FALSE,synthetic,Zinc salt of citric acid.,"Supplements, toothpaste.",Well absorbed and tolerated.,positive,,zinc citrate,,"[{""title"": ""Mineral Supplements"", ""url"": ""https://www.fda.gov""}]"
MIN15,Zinc Oxide,mineral supplement,TRUE,TRUE,TRUE,Poorly absorbed,FALSE,FALSE,FALSE,FALSE,mineral,Zinc oxide.,"Sunscreen, some supplements.",Poor oral absorption.,negative,ZnO,zinc oxide,,"[{""title"": ""Mineral Supplements"", ""url"": ""https://www.fda.gov""}]"
MIN16,Magnesium Oxide,mineral supplement,TRUE,TRUE,TRUE,High Mg content,FALSE,FALSE,FALSE,FALSE,mineral,Magnesia.,"Supplements, antacids.",Poor absorption; laxative.,neutral,Magnesia,magnesium oxide,,"[{""title"": ""Mineral Supplements"", ""url"": ""https://www.fda.gov""}]"
MIN17,Magnesium Citrate,mineral supplement,TRUE,TRUE,TRUE,Well absorbed,FALSE,FALSE,FALSE,FALSE,synthetic,Magnesium salt of citric acid.,"Supplements, laxatives.",Good absorption; mild laxative.,positive,,magnesium citrate,,"[{""title"": ""Mineral Supplements"", ""url"": ""https://www.fda.gov""}]"
MIN18,Magnesium Glycinate,mineral supplement,TRUE,TRUE,TRUE,Best absorbed,FALSE,FALSE,FALSE,FALSE,synthetic,Chelated magnesium.,"Premium supplements.",Excellent absorption; no laxative effect.,positive,Magnesium bisglycinate,magnesium glycinate,,"[{""title"": ""Mineral Supplements"", ""url"": ""https://www.fda.gov""}]"
MIN19,Magnesium Chloride,mineral supplement,TRUE,TRUE,TRUE,Well absorbed,FALSE,FALSE,FALSE,FALSE,mineral,Magnesium salt.,"Supplements, tofu coagulant.",Good absorption.,positive,Nigari,magnesium chloride,,"[{""title"": ""Mineral Supplements"", ""url"": ""https://www.fda.gov""}]"
MIN20,Magnesium Sulfate,mineral supplement,TRUE,TRUE,TRUE,Epsom salt,FALSE,FALSE,FALSE,FALSE,mineral,Epsom salt.,"Laxative, bath salts.",Strong laxative effect.,neutral,Epsom salt,magnesium sulfate; epsom salt,,"[{""title"": ""Mineral Supplements"", ""url"": ""https://www.fda.gov""}]"
MIN21,Selenium Yeast,mineral supplement,TRUE,TRUE,TRUE,Organic selenium,FALSE,FALSE,FALSE,FALSE,yeast,Selenized yeast.,"Supplements.",Better than inorganic forms.,positive,Selenomethionine,selenium yeast,,"[{""title"": ""Mineral Supplements"", ""url"": ""https://www.fda.gov""}]"
MIN22,Sodium Selenite,mineral supplement,TRUE,TRUE,TRUE,Inorganic selenium,FALSE,FALSE,FALSE,FALSE,mineral,Inorganic selenium.,"Supplements, animal feed.",Less bioavailable than organic.,neutral,,sodium selenite,,"[{""title"": ""Mineral Supplements"", ""url"": ""https://www.fda.gov""}]"
MIN23,Chromium Picolinate,mineral supplement,TRUE,TRUE,TRUE,Common chromium,FALSE,FALSE,FALSE,FALSE,synthetic,Chromium bound to picolinic acid.,"Weight loss supplements.",Controversial benefits.,neutral,,chromium picolinate,,"[{""title"": ""Mineral Supplements"", ""url"": ""https://www.fda.gov""}]"
MIN24,Chromium Chloride,mineral supplement,TRUE,TRUE,TRUE,Inorganic chromium,FALSE,FALSE,FALSE,FALSE,mineral,Chromium salt.,"Supplements.",Lower bioavailability.,neutral,CrCl3,chromium chloride,,"[{""title"": ""Mineral Supplements"", ""url"": ""https://www.fda.gov""}]"
MIN25,Potassium Chloride,mineral supplement,TRUE,TRUE,TRUE,Salt substitute,FALSE,FALSE,FALSE,FALSE,mineral,KCl; salt substitute.,"Low-sodium products.",Can taste bitter/metallic.,neutral,Muriate of potash,potassium chloride,,"[{""title"": ""Mineral Supplements"", ""url"": ""https://www.fda.gov""}]"
MIN26,Potassium Citrate,mineral supplement,TRUE,TRUE,TRUE,Well absorbed,FALSE,FALSE,FALSE,FALSE,synthetic,Potassium salt of citric acid.,"Supplements, beverages.",Well tolerated.,positive,,potassium citrate,,"[{""title"": ""Mineral Supplements"", ""url"": ""https://www.fda.gov""}]"
MIN27,Potassium Bicarbonate,mineral supplement,TRUE,TRUE,TRUE,Alkalizing,FALSE,FALSE,FALSE,FALSE,mineral,KHCO3.,"Supplements, baking.",Alkalizing effect.,positive,,potassium bicarbonate,,"[{""title"": ""Mineral Supplements"", ""url"": ""https://www.fda.gov""}]"
MIN28,Copper Gluconate,mineral supplement,TRUE,TRUE,TRUE,Common copper,FALSE,FALSE,FALSE,FALSE,synthetic,Copper salt of gluconic acid.,"Supplements.",Well absorbed.,positive,,copper gluconate,,"[{""title"": ""Mineral Supplements"", ""url"": ""https://www.fda.gov""}]"
MIN29,Copper Sulfate,mineral supplement,TRUE,TRUE,TRUE,Inorganic copper,FALSE,FALSE,FALSE,FALSE,mineral,Blue vitriol.,"Supplements, agriculture.",Can cause GI upset.,neutral,Blue vitriol,copper sulfate,,"[{""title"": ""Mineral Supplements"", ""url"": ""https://www.fda.gov""}]"
MIN30,Manganese Sulfate,mineral supplement,TRUE,TRUE,TRUE,Common manganese,FALSE,FALSE,FALSE,FALSE,mineral,Manganese salt.,"Supplements, fertilizer.",Adequate absorption.,neutral,MnSO4,manganese sulfate,,"[{""title"": ""Mineral Supplements"", ""url"": ""https://www.fda.gov""}]"
FAT01,Olestra,fat replacer,FALSE,FALSE,FALSE,Banned in many countries,FALSE,FALSE,FALSE,FALSE,synthetic,Zero-calorie fat substitute.,"Was in chips (US).",Causes anal leakage; vitamin depletion.,negative,Olean,olestra; olean,,"[{""title"": ""Fat Replacers"", ""url"": ""https://www.fda.gov""}]"
FAT02,Simplesse,fat replacer,TRUE,TRUE,TRUE,Protein-based,FALSE,FALSE,FALSE,FALSE,protein,Microparticulated protein.,"Ice cream, dairy products.",From milk/egg; allergen concerns.,neutral,,simplesse,,"[{""title"": ""Fat Replacers"", ""url"": ""https://www.fda.gov""}]"
FAT03,Salatrim,fat replacer,TRUE,TRUE,TRUE,Reduced calorie,FALSE,FALSE,FALSE,FALSE,synthetic,Short and long-chain triglycerides.,"Chocolate, baked goods.",5 cal/g vs 9 cal/g.,neutral,Benefat,salatrim; benefat,,"[{""title"": ""Fat Replacers"", ""url"": ""https://www.fda.gov""}]"
FAT04,Caprenin,fat replacer,FALSE,FALSE,FALSE,Discontinued,FALSE,FALSE,FALSE,FALSE,synthetic,Was cocoa butter substitute.,"Was in candy bars.",Discontinued; GI issues.,negative,,caprenin,,"[{""title"": ""Fat Replacers"", ""url"": ""https://www.fda.gov""}]"
FAT05,Z-Trim,fat replacer,TRUE,TRUE,TRUE,Fiber-based,FALSE,FALSE,FALSE,FALSE,plant,Insoluble fiber gel.,"Baked goods, dairy.",From corn/oat hulls.,positive,FiberGel,z-trim,,"[{""title"": ""Fat Replacers"", ""url"": ""https://www.fda.gov""}]"
FAT06,Maltodextrin Gel,fat replacer,TRUE,TRUE,TRUE,Carb-based,FALSE,FALSE,FALSE,FALSE,starch,Hydrated maltodextrin.,"Low-fat products.",Creates creamy texture.,neutral,CrystaLean,maltodextrin gel,,"[{""title"": ""Fat Replacers"", ""url"": ""https://www.fda.gov""}]"
FAT07,Polydextrose,fat replacer,TRUE,TRUE,TRUE,Fiber-like,FALSE,FALSE,FALSE,FALSE,synthetic,Synthetic polymer.,"Sugar-free, low-fat products.",Laxative effect in excess.,neutral,Litesse,polydextrose,,"[{""title"": ""Fat Replacers"", ""url"": ""https://www.fda.gov""}]"
FAT08,Inulin,fat replacer,TRUE,TRUE,TRUE,Natural fiber,FALSE,FALSE,FALSE,FALSE,plant,Chicory root fiber.,"Yogurt, ice cream, baked goods.",Prebiotic; can cause gas.,positive,Chicory fiber,inulin; chicory fiber,,"[{""title"": ""Fat Replacers"", ""url"": ""https://www.fda.gov""}]"
FAT09,Oat Beta-Glucan,fat replacer,TRUE,TRUE,TRUE,Soluble fiber,FALSE,FALSE,FALSE,FALSE,plant,Oat fiber.,"Dairy, baked goods.",Heart healthy; cholesterol lowering.,positive,Oat fiber,oat beta glucan,,"[{""title"": ""Fat Replacers"", ""url"": ""https://www.fda.gov""}]"
FAT10,Modified Starch,fat replacer,TRUE,TRUE,TRUE,Starch-based,FALSE,FALSE,FALSE,FALSE,starch,Chemically modified starches.,"Salad dressings, sauces.",Creates creamy texture.,neutral,,modified starch,,"[{""title"": ""Fat Replacers"", ""url"": ""https://www.fda.gov""}]"
BULK01,Cellulose,bulking agent,TRUE,TRUE,TRUE,Insoluble fiber,FALSE,FALSE,FALSE,FALSE,plant,Plant fiber.,"Low-calorie foods, cheese.",Zero calories; adds bulk.,positive,Powdered cellulose,cellulose,,"[{""title"": ""Bulking Agents"", ""url"": ""https://www.fda.gov""}]"
BULK02,Methylcellulose,bulking agent,TRUE,TRUE,TRUE,Modified cellulose,FALSE,FALSE,FALSE,FALSE,semi-synthetic,Chemically modified cellulose.,"Gluten-free products.",Forms gel when heated.,positive,MC,methylcellulose,,"[{""title"": ""Bulking Agents"", ""url"": ""https://www.fda.gov""}]"
BULK03,Psyllium Husk,bulking agent,TRUE,TRUE,TRUE,Soluble fiber,FALSE,FALSE,FALSE,FALSE,plant,Plantago seed husk.,"Fiber supplements, gluten-free baking.",High fiber; laxative effect.,positive,Ispaghula,psyllium husk,,"[{""title"": ""Bulking Agents"", ""url"": ""https://www.fda.gov""}]"
BULK04,Wheat Bran,bulking agent,TRUE,TRUE,TRUE,Insoluble fiber,FALSE,FALSE,FALSE,FALSE,wheat,Outer wheat kernel.,"Cereals, baked goods.",High fiber; contains gluten.,positive,Bran,wheat bran,,"[{""title"": ""Bulking Agents"", ""url"": ""https://www.fda.gov""}]"
BULK05,Oat Bran,bulking agent,TRUE,TRUE,TRUE,Soluble fiber,FALSE,FALSE,FALSE,FALSE,oat,Outer oat kernel.,"Cereals, baked goods.",Heart healthy; beta-glucan.,positive,,oat bran,,"[{""title"": ""Bulking Agents"", ""url"": ""https://www.fda.gov""}]"
BULK06,Rice Bran,bulking agent,TRUE,TRUE,TRUE,Fiber source,FALSE,FALSE,FALSE,FALSE,rice,Outer rice kernel.,"Cereals, supplements.",Contains oryzanol.,positive,,rice bran,,"[{""title"": ""Bulking Agents"", ""url"": ""https://www.fda.gov""}]"
BULK07,Resistant Starch,bulking agent,TRUE,TRUE,TRUE,Prebiotic fiber,FALSE,FALSE,FALSE,FALSE,starch,Starch resistant to digestion.,"Low-carb products.",Acts like fiber; prebiotic.,positive,RS,resistant starch,,"[{""title"": ""Bulking Agents"", ""url"": ""https://www.fda.gov""}]"
BULK08,Glucomannan,bulking agent,TRUE,TRUE,TRUE,Konjac fiber,FALSE,FALSE,FALSE,FALSE,plant,From konjac root.,"Weight loss supplements, noodles.",Expands in stomach; choking risk.,neutral,Konjac mannan,glucomannan; konjac,,"[{""title"": ""Bulking Agents"", ""url"": ""https://www.fda.gov""}]"
BULK09,Chitosan,bulking agent,TRUE,TRUE,TRUE,From shellfish,FALSE,FALSE,FALSE,FALSE,shellfish,Deacetylated chitin.,"Weight loss supplements.",Shellfish allergen; fat binding claims.,negative,,chitosan,,"[{""title"": ""Bulking Agents"", ""url"": ""https://www.fda.gov""}]"
BULK10,Alginate Fiber,bulking agent,TRUE,TRUE,TRUE,Seaweed fiber,FALSE,FALSE,FALSE,FALSE,seaweed,From brown seaweed.,"Weight management products.",Forms gel; feeling of fullness.,positive,Alginate,alginate fiber,,"[{""title"": ""Bulking Agents"", ""url"": ""https://www.fda.gov""}]"
CARB01,Dextrin,carbohydrate,TRUE,TRUE,TRUE,Partial starch breakdown,FALSE,FALSE,FALSE,FALSE,starch,Roasted starch.,"Fiber supplements, food coating.",Can be resistant starch.,positive,Maltodextrin,dextrin,,"[{""title"": ""Carbohydrates"", ""url"": ""https://www.fda.gov""}]"
CARB02,Cyclodextrin,carbohydrate,TRUE,TRUE,TRUE,Ring-shaped starch,FALSE,FALSE,FALSE,FALSE,starch,Cyclic oligosaccharide.,"Flavor carrier, cholesterol reduction.",Can trap molecules.,positive,CD,cyclodextrin,,"[{""title"": ""Carbohydrates"", ""url"": ""https://www.fda.gov""}]"
CARB03,Trehalose,carbohydrate,TRUE,TRUE,TRUE,Disaccharide,FALSE,FALSE,FALSE,FALSE,synthetic/natural,Two glucose units.,"Frozen foods, dried foods.",Low glycemic; expensive.,positive,Mycose,trehalose,,"[{""title"": ""Carbohydrates"", ""url"": ""https://www.fda.gov""}]"
CARB04,Isomaltulose,carbohydrate,TRUE,TRUE,TRUE,Low GI sugar,FALSE,FALSE,FALSE,FALSE,synthetic,Rearranged sucrose.,"Sports drinks, diabetic foods.",Slow release energy.,positive,Palatinose,isomaltulose; palatinose,,"[{""title"": ""Carbohydrates"", ""url"": ""https://www.fda.gov""}]"
CARB05,Fructooligosaccharides,carbohydrate,TRUE,TRUE,TRUE,Prebiotic,FALSE,FALSE,FALSE,FALSE,plant/synthetic,FOS; prebiotic fiber.,"Supplements, fortified foods.",Prebiotic; can cause gas.,positive,FOS; Oligofructose,fos; fructooligosaccharides,,"[{""title"": ""Carbohydrates"", ""url"": ""https://www.fda.gov""}]"
CARB06,Galactooligosaccharides,carbohydrate,TRUE,TRUE,TRUE,Prebiotic,FALSE,FALSE,FALSE,FALSE,milk,GOS; from lactose.,"Infant formula, supplements.",Prebiotic; from dairy.,positive,GOS,gos; galactooligosaccharides,,"[{""title"": ""Carbohydrates"", ""url"": ""https://www.fda.gov""}]"
CARB07,Xylooligosaccharides,carbohydrate,TRUE,TRUE,TRUE,Prebiotic,FALSE,FALSE,FALSE,FALSE,plant,XOS; from plant xylan.,"Supplements, functional foods.",Prebiotic; well tolerated.,positive,XOS,xos; xylooligosaccharides,,"[{""title"": ""Carbohydrates"", ""url"": ""https://www.fda.gov""}]"
CARB08,Mannanoligosaccharides,carbohydrate,TRUE,TRUE,TRUE,Prebiotic,FALSE,FALSE,FALSE,FALSE,yeast,MOS; from yeast cell walls.,"Animal feed, some supplements.",Prebiotic; immune support.,positive,MOS,mos; mannanoligosaccharides,,"[{""title"": ""Carbohydrates"", ""url"": ""https://www.fda.gov""}]"
CARB09,Resistant Maltodextrin,carbohydrate,TRUE,TRUE,TRUE,Fiber-like,FALSE,FALSE,FALSE,FALSE,starch,Digestion-resistant maltodextrin.,"Fiber supplements, beverages.",Acts as soluble fiber.,positive,Fibersol,resistant maltodextrin; fibersol,,"[{""title"": ""Carbohydrates"", ""url"": ""https://www.fda.gov""}]"
CARB10,Raffinose,carbohydrate,TRUE,TRUE,TRUE,Trisaccharide,FALSE,FALSE,FALSE,FALSE,plant,In beans; causes gas.,"Naturally in legumes.",Causes flatulence.,negative,Melitose,raffinose,,"[{""title"": ""Carbohydrates"", ""url"": ""https://www.fda.gov""}]"
PROT01,Whey Protein Concentrate,protein ingredient,TRUE,TRUE,TRUE,70-80% protein,FALSE,FALSE,FALSE,FALSE,milk,WPC; contains lactose.,"Protein supplements, bars.",Milk allergen; fast absorbing.,neutral,WPC,whey protein concentrate; wpc,,"[{""title"": ""Protein Ingredients"", ""url"": ""https://www.fda.gov""}]"
PROT02,Whey Protein Isolate,protein ingredient,TRUE,TRUE,TRUE,90%+ protein,FALSE,FALSE,FALSE,FALSE,milk,WPI; lactose removed.,"Premium protein supplements.",Less lactose; fast absorbing.,positive,WPI,whey protein isolate; wpi,,"[{""title"": ""Protein Ingredients"", ""url"": ""https://www.fda.gov""}]"
PROT03,Casein,protein ingredient,TRUE,TRUE,TRUE,Slow-digesting,FALSE,FALSE,FALSE,FALSE,milk,Milk protein; 80% of milk protein.,"Protein supplements, cheese.",Slow release; milk allergen.,neutral,Micellar casein,casein; micellar casein,,"[{""title"": ""Protein Ingredients"", ""url"": ""https://www.fda.gov""}]"
PROT04,Egg White Protein,protein ingredient,TRUE,TRUE,TRUE,Complete protein,FALSE,FALSE,FALSE,FALSE,egg,Albumin; dried egg whites.,"Protein powders, baking.",Egg allergen; complete amino acids.,positive,Egg albumin,egg white protein; egg albumin,,"[{""title"": ""Protein Ingredients"", ""url"": ""https://www.fda.gov""}]"
PROT05,Soy Protein Isolate,protein ingredient,TRUE,TRUE,TRUE,Plant protein,FALSE,FALSE,FALSE,FALSE,soy,SPI; 90%+ protein.,"Meat alternatives, bars.",Soy allergen; often GMO.,neutral,SPI,soy protein isolate; spi,,"[{""title"": ""Protein Ingredients"", ""url"": ""https://www.fda.gov""}]"
PROT06,Pea Protein,protein ingredient,TRUE,TRUE,TRUE,Plant protein,FALSE,FALSE,FALSE,FALSE,plant,From yellow peas.,"Plant-based products.",Hypoallergenic; complete protein.,positive,Pea protein isolate,pea protein,,"[{""title"": ""Protein Ingredients"", ""url"": ""https://www.fda.gov""}]"
PROT07,Rice Protein,protein ingredient,TRUE,TRUE,TRUE,Plant protein,FALSE,FALSE,FALSE,FALSE,rice,From brown rice.,"Hypoallergenic products.",Low in lysine.,neutral,Brown rice protein,rice protein,,"[{""title"": ""Protein Ingredients"", ""url"": ""https://www.fda.gov""}]"
PROT08,Hemp Protein,protein ingredient,TRUE,TRUE,TRUE,Plant protein,FALSE,FALSE,FALSE,FALSE,plant,From hemp seeds.,"Plant-based products.",Contains omega-3s.,positive,Hemp seed protein,hemp protein,,"[{""title"": ""Protein Ingredients"", ""url"": ""https://www.fda.gov""}]"
PROT09,Collagen Peptides,protein ingredient,TRUE,TRUE,TRUE,Hydrolyzed collagen,FALSE,FALSE,FALSE,FALSE,animal,Broken down collagen.,"Supplements, beverages.",Not complete protein.,neutral,Hydrolyzed collagen,collagen peptides,,"[{""title"": ""Protein Ingredients"", ""url"": ""https://www.fda.gov""}]"
PROT10,Gelatin,protein ingredient,TRUE,TRUE,TRUE,Gelling protein,FALSE,FALSE,FALSE,FALSE,animal,Cooked collagen.,"Gummies, desserts, capsules.",Not vegetarian; incomplete protein.,neutral,Gelatine,gelatin; gelatine,,"[{""title"": ""Protein Ingredients"", ""url"": ""https://www.fda.gov""}]"
PROT11,Vital Wheat Gluten,protein ingredient,TRUE,TRUE,TRUE,Wheat protein,FALSE,FALSE,FALSE,FALSE,wheat,Concentrated gluten.,"Bread, seitan.",Major allergen; celiac disease.,negative,Wheat gluten,vital wheat gluten,,"[{""title"": ""Protein Ingredients"", ""url"": ""https://www.fda.gov""}]"
PROT12,Mycoprotein,protein ingredient,TRUE,TRUE,TRUE,Fungal protein,FALSE,FALSE,FALSE,FALSE,fungal,From Fusarium fungus.,"Meat alternatives (Quorn).",Can cause allergic reactions.,neutral,Quorn,mycoprotein; quorn,,"[{""title"": ""Protein Ingredients"", ""url"": ""https://www.fda.gov""}]"
PROT13,Insect Protein,protein ingredient,TRUE,TRUE,TRUE,Novel protein,FALSE,FALSE,FALSE,FALSE,insect,Cricket/mealworm protein.,"Protein bars, flour.",Shellfish cross-allergen.,neutral,Cricket flour,insect protein; cricket flour,,"[{""title"": ""Protein Ingredients"", ""url"": ""https://www.fda.gov""}]"
PROT14,Algae Protein,protein ingredient,TRUE,TRUE,TRUE,Novel protein,FALSE,FALSE,FALSE,FALSE,algae,Spirulina/chlorella protein.,"Supplements, green foods.",Complete protein; detox claims.,positive,Spirulina protein,algae protein; spirulina,,"[{""title"": ""Protein Ingredients"", ""url"": ""https://www.fda.gov""}]"
PROT15,Potato Protein,protein ingredient,TRUE,TRUE,TRUE,Plant protein,FALSE,FALSE,FALSE,FALSE,potato,From potato starch production.,"Meat alternatives, baking.",High quality plant protein.,positive,,potato protein,,"[{""title"": ""Protein Ingredients"", ""url"": ""https://www.fda.gov""}]"
ACID01,Adipic Acid,acidulant,TRUE,TRUE,TRUE,Food acid,FALSE,FALSE,FALSE,FALSE,synthetic,Hexanedioic acid.,"Beverages, gelatin desserts.",Generally safe.,positive,E355,adipic acid,,"[{""title"": ""Acidulants"", ""url"": ""https://www.fda.gov""}]"
ACID02,Succinic Acid,acidulant,TRUE,TRUE,TRUE,Food acid,FALSE,FALSE,FALSE,FALSE,synthetic/fermentation,Butanedioic acid.,"Beverages, seasonings.",Natural metabolite; safe.,positive,E363,succinic acid,,"[{""title"": ""Acidulants"", ""url"": ""https://www.fda.gov""}]"
ACID03,Gluconic Acid,acidulant,TRUE,TRUE,TRUE,Mild acid,FALSE,FALSE,FALSE,FALSE,fermentation,From glucose oxidation.,"Beverages, dairy products.",Very mild; safe.,positive,E574,gluconic acid,,"[{""title"": ""Acidulants"", ""url"": ""https://www.fda.gov""}]"
ACID04,Itaconic Acid,acidulant,FALSE,FALSE,FALSE,Industrial use,FALSE,FALSE,FALSE,FALSE,fermentation,Not approved for food.,Industrial polymers.,Not food approved.,negative,Methylenesuccinic acid,itaconic acid,,"[{""title"": ""Acidulants"", ""url"": ""https://www.fda.gov""}]"
ACID05,Levulinic Acid,acidulant,TRUE,TRUE,TRUE,Limited use,FALSE,FALSE,FALSE,FALSE,synthetic,From sugars.,"Flavoring agent.",Limited food use.,neutral,,levulinic acid,,"[{""title"": ""Acidulants"", ""url"": ""https://www.fda.gov""}]"
COLOR01,Annatto Extract,natural color,TRUE,TRUE,TRUE,Orange-yellow,FALSE,FALSE,FALSE,FALSE,plant,From achiote seeds.,"Cheese, butter, snacks.",Can cause rare allergies.,neutral,Bixin; E160b,annatto extract,,"[{""title"": ""Natural Colors"", ""url"": ""https://www.fda.gov""}]"
COLOR02,Paprika Oleoresin,natural color,TRUE,TRUE,TRUE,Red-orange,FALSE,FALSE,FALSE,FALSE,plant,Concentrated paprika extract.,"Meats, snacks, sauces.",Natural; contains capsaicin.,positive,E160c,paprika oleoresin,,"[{""title"": ""Natural Colors"", ""url"": ""https://www.fda.gov""}]"
COLOR03,Turmeric Oleoresin,natural color,TRUE,TRUE,TRUE,Yellow,FALSE,FALSE,FALSE,FALSE,plant,Concentrated turmeric.,"Mustard, pickles, dairy.",Anti-inflammatory properties.,positive,Curcumin extract,turmeric oleoresin,,"[{""title"": ""Natural Colors"", ""url"": ""https://www.fda.gov""}]"
COLOR04,Saffron Extract,natural color,TRUE,TRUE,TRUE,Yellow-orange,FALSE,FALSE,FALSE,FALSE,plant,From saffron stigmas.,"Premium foods.",Very expensive; natural.,positive,Crocin,saffron extract,,"[{""title"": ""Natural Colors"", ""url"": ""https://www.fda.gov""}]"
COLOR05,Spirulina Extract,natural color,TRUE,TRUE,TRUE,Blue-green,FALSE,FALSE,FALSE,FALSE,algae,Phycocyanin from spirulina.,"Confectionery, beverages.",Natural blue; rare.,positive,Phycocyanin,spirulina extract,,"[{""title"": ""Natural Colors"", ""url"": ""https://www.fda.gov""}]"
COLOR06,Butterfly Pea Extract,natural color,TRUE,TRUE,TRUE,Blue,FALSE,FALSE,FALSE,FALSE,plant,From Clitoria ternatea flowers.,"Beverages, desserts.",pH color change; natural.,positive,Blue pea flower,butterfly pea extract,,"[{""title"": ""Natural Colors"", ""url"": ""https://www.fda.gov""}]"
COLOR07,Purple Sweet Potato,natural color,TRUE,TRUE,TRUE,Purple,FALSE,FALSE,FALSE,FALSE,plant,Anthocyanin-rich extract.,"Beverages, confectionery.",Natural; antioxidant rich.,positive,,purple sweet potato,,"[{""title"": ""Natural Colors"", ""url"": ""https://www.fda.gov""}]"
COLOR08,Black Carrot Extract,natural color,TRUE,TRUE,TRUE,Purple-red,FALSE,FALSE,FALSE,FALSE,plant,Anthocyanin concentrate.,"Beverages, yogurt.",Natural; stable color.,positive,,black carrot extract,,"[{""title"": ""Natural Colors"", ""url"": ""https://www.fda.gov""}]"
COLOR09,Red Cabbage Extract,natural color,TRUE,TRUE,TRUE,Red-purple,FALSE,FALSE,FALSE,FALSE,plant,pH-sensitive anthocyanins.,"Beverages, confectionery.",Color changes with pH.,positive,,red cabbage extract,,"[{""title"": ""Natural Colors"", ""url"": ""https://www.fda.gov""}]"
COLOR10,Elderberry Extract,natural color,TRUE,TRUE,TRUE,Dark purple,FALSE,FALSE,FALSE,FALSE,plant,Anthocyanin-rich.,"Beverages, supplements.",Natural; health benefits.,positive,Sambucus,elderberry extract,,"[{""title"": ""Natural Colors"", ""url"": ""https://www.fda.gov""}]"
